"archive_date","adult_child","hospital_name","wait_0_6_months","wait_6_12_months","wait_12_18_months","wait_18_plus_months","total"
"2024-01-25","Adult","Bantry General Hospital",626,218,63,37,944
"2024-01-25","Adult","Beaumont Hospital",24513,9977,910,98,35497
"2024-01-25","Adult","Cavan General Hospital",5588,1652,22,18,7279
"2024-01-25","Adult","Connolly Hospital Blanchardstown",4498,239,0,0,4737
"2024-01-25","Adult","Coombe Women and Infants University Hospital",1370,922,285,60,2636
"2024-01-25","Adult","Cork University Hospital",13986,7351,3463,5222,30021
"2024-01-25","Adult","Cork University Maternity Hospital",2176,28,2,0,2206
"2024-01-25","Adult","Croom Orthopaedic Hospital",2951,1347,255,112,4665
"2024-01-25","Adult","Ennis Hospital",480,354,227,5,1066
"2024-01-25","Child","Wexford General Hospital",577,364,112,0,1053
"2024-01-25","Adult","Galway University Hospitals",20817,9212,4327,7475,41830
"2024-01-25","Adult","Letterkenny University Hospital",7678,2203,1098,1586,12565
"2024-01-25","Adult","Louth County Hospital",1656,429,5,2,2091
"2024-01-25","Adult","Mallow General Hospital",2178,851,228,52,3308
"2024-01-25","Adult","Mater Misericordiae University Hospital",22236,8233,3266,5288,39024
"2024-01-25","Adult","Mayo University Hospital",3716,1371,462,449,5999
"2024-01-25","Adult","Mercy University Hospital",2944,1531,469,697,5642
"2024-01-25","Adult","Midland Regional Hospital Mullingar",4445,1842,992,1148,8426
"2024-01-25","Adult","Midland Regional Hospital Portlaoise",2137,1079,447,423,4086
"2024-01-25","Adult","Midland Regional Hospital Tullamore",8051,2143,228,0,10421
"2024-01-25","Adult","Naas General Hospital",6107,2782,680,159,9727
"2024-01-25","Adult","National Maternity Hospital (Holles Street)",2372,526,7,0,2905
"2024-01-25","Adult","National Orthopaedic Hospital Cappagh",2889,1838,530,139,5396
"2024-01-25","Adult","Nenagh Hospital",324,256,186,24,790
"2024-01-25","Adult","Our Lady of Lourdes Hospital Drogheda",7978,2770,96,52,10896
"2024-01-25","Adult","Our Lady's Hospital Navan",3288,2072,510,358,6228
"2024-01-25","Adult","Portiuncula University Hospital",1840,366,139,121,2466
"2024-01-25","Adult","Roscommon University Hospital",2244,918,250,291,3703
"2024-01-25","Adult","Rotunda Hospital",3522,648,0,0,4170
"2024-01-25","Adult","Royal Victoria Eye and Ear Hospital",5487,2898,1535,2202,12122
"2024-01-25","Adult","Sligo University Hospital",7221,2112,1140,1407,11880
"2024-01-25","Adult","South Infirmary Victoria University Hospital",10725,6310,2645,4132,23811
"2024-01-25","Adult","St. Columcille's Hospital",1902,1430,1111,3404,7848
"2024-01-25","Adult","St. James's Hospital",16083,4857,1320,1312,23572
"2024-01-25","Adult","St. John's Hospital Limerick",464,261,37,3,765
"2024-01-25","Adult","St. Luke's General Hospital Kilkenny",3604,1377,350,109,5440
"2024-01-25","Adult","St. Michael's Hospital",2588,977,364,236,4166
"2024-01-25","Adult","St. Vincent's University Hospital",17124,7172,1945,560,26801
"2024-01-25","Adult","Tallaght University Hospital",14201,8856,4254,4435,31745
"2024-01-25","Adult","Tipperary University Hospital",2315,852,133,50,3351
"2024-01-25","Adult","University Hospital Kerry",6271,2520,648,117,9556
"2024-01-25","Adult","University Hospital Limerick",14095,4579,1297,702,20674
"2024-01-25","Adult","University Hospital Waterford",17757,8863,3548,4915,35083
"2024-01-25","Adult","Wexford General Hospital",2761,874,195,83,3912
"2024-01-25","Child","Beaumont Hospital",45,6,1,0,52
"2024-01-25","Child","Cavan General Hospital",867,194,0,0,1061
"2024-01-25","Child","Children's Health Ireland",18698,11351,5272,4580,39901
"2024-01-25","Child","Coombe Women and Infants University Hospital",29,16,6,0,51
"2024-01-25","Child","Cork University Hospital",2996,1597,412,406,5411
"2024-01-25","Child","Cork University Maternity Hospital",58,1,0,0,59
"2024-01-25","Child","Croom Orthopaedic Hospital",192,8,4,0,204
"2024-01-25","Child","Ennis Hospital",30,7,2,0,39
"2024-01-25","Child","Galway University Hospitals",2889,1347,498,1006,5739
"2024-01-25","Child","Letterkenny University Hospital",999,432,212,276,1919
"2024-01-25","Child","Mallow General Hospital",211,188,69,1,470
"2024-01-25","Child","Mayo University Hospital",692,141,58,47,939
"2024-01-25","Child","Mercy University Hospital",214,67,4,0,285
"2024-01-25","Child","Midland Regional Hospital Mullingar",892,295,125,102,1413
"2024-01-25","Child","Midland Regional Hospital Portlaoise",617,402,123,42,1185
"2024-01-25","Child","Midland Regional Hospital Tullamore",875,391,14,0,1280
"2024-01-25","Child","Naas General Hospital",2,0,0,0,2
"2024-01-25","Child","National Maternity Hospital (Holles Street)",49,20,0,0,69
"2024-01-25","Child","National Orthopaedic Hospital Cappagh",106,102,49,27,284
"2024-01-25","Child","Nenagh Hospital",8,3,0,0,10
"2024-01-25","Child","Our Lady of Lourdes Hospital Drogheda",2203,1223,96,7,3529
"2024-01-25","Child","Our Lady's Hospital Navan",1,1,0,0,2
"2024-01-25","Child","Portiuncula University Hospital",301,45,9,5,360
"2024-01-25","Child","Rotunda Hospital",33,2,0,0,35
"2024-01-25","Child","Royal Victoria Eye and Ear Hospital",299,208,77,52,636
"2024-01-25","Child","Sligo University Hospital",1070,139,76,78,1363
"2024-01-25","Child","South Infirmary Victoria University Hospital",1412,914,189,274,2789
"2024-01-25","Child","St. John's Hospital Limerick",3,1,0,0,4
"2024-01-25","Child","St. Luke's General Hospital Kilkenny",392,32,9,2,435
"2024-01-25","Child","Tallaght University Hospital",25,4,0,0,29
"2024-01-25","Child","Tipperary University Hospital",312,41,2,0,355
"2024-01-25","Child","University Hospital Kerry",712,251,42,0,1004
"2024-01-25","Child","University Hospital Limerick",2489,899,202,111,3701
"2024-01-25","Child","University Hospital Waterford",1875,1171,222,305,3573
"2024-02-29","Adult","Mayo University Hospital",3882,1315,447,427,6071
"2024-02-29","Child","St. Luke's General Hospital Kilkenny",391,33,5,2,431
"2024-02-29","Child","St. John's Hospital Limerick",4,0,0,0,4
"2024-02-29","Child","South Infirmary Victoria University Hospital",1507,869,206,294,2875
"2024-02-29","Child","Sligo University Hospital",1121,121,67,76,1385
"2024-02-29","Child","Royal Victoria Eye and Ear Hospital",301,201,80,66,648
"2024-02-29","Child","Rotunda Hospital",23,0,0,0,23
"2024-02-29","Child","Portiuncula University Hospital",324,42,8,1,376
"2024-02-29","Child","Our Lady's Hospital Navan",1,1,0,0,2
"2024-02-29","Child","Our Lady of Lourdes Hospital Drogheda",2331,1255,182,9,3777
"2024-02-29","Child","Nenagh Hospital",6,2,2,0,10
"2024-02-29","Child","National Orthopaedic Hospital Cappagh",118,66,48,25,257
"2024-02-29","Child","National Maternity Hospital (Holles Street)",42,19,1,0,62
"2024-02-29","Child","Naas General Hospital",3,0,0,0,3
"2024-02-29","Child","Midland Regional Hospital Tullamore",985,264,22,0,1271
"2024-02-29","Child","Midland Regional Hospital Portlaoise",656,374,152,43,1224
"2024-02-29","Child","Midland Regional Hospital Mullingar",949,276,142,99,1466
"2024-02-29","Child","Mercy University Hospital",195,77,5,2,279
"2024-02-29","Child","Mayo University Hospital",705,106,59,42,912
"2024-02-29","Child","Mallow General Hospital",229,170,97,4,500
"2024-02-29","Child","Letterkenny University Hospital",1084,380,243,283,1990
"2024-02-29","Child","Galway University Hospitals",3039,1255,482,935,5711
"2024-02-29","Child","Ennis Hospital",31,10,3,0,43
"2024-02-29","Child","Croom Orthopaedic Hospital",179,15,3,2,198
"2024-02-29","Child","Cork University Maternity Hospital",46,0,0,0,46
"2024-02-29","Child","Cork University Hospital",3228,1612,477,383,5701
"2024-02-29","Child","Coombe Women and Infants University Hospital",33,15,6,0,54
"2024-02-29","Child","Children's Health Ireland",19057,11063,5687,4650,40457
"2024-02-29","Child","Cavan General Hospital",846,278,7,0,1131
"2024-02-29","Child","Beaumont Hospital",51,6,1,0,58
"2024-02-29","Adult","Wexford General Hospital",2733,826,252,89,3900
"2024-02-29","Adult","University Hospital Waterford",17815,9144,3742,4857,35558
"2024-02-29","Adult","University Hospital Limerick",14204,4490,1295,831,20821
"2024-02-29","Adult","University Hospital Kerry",5998,2611,750,153,9512
"2024-02-29","Adult","Tipperary University Hospital",2264,886,171,33,3354
"2024-02-29","Adult","Tallaght University Hospital",14499,8845,4241,3978,31564
"2024-02-29","Adult","St. Vincent's University Hospital",17795,7409,2166,651,28021
"2024-02-29","Adult","St. Michael's Hospital",2633,861,339,281,4114
"2024-02-29","Adult","St. Luke's General Hospital Kilkenny",3523,1346,404,141,5415
"2024-02-29","Adult","St. John's Hospital Limerick",442,270,22,4,738
"2024-02-29","Adult","St. James's Hospital",16853,4923,1266,1277,24318
"2024-02-29","Adult","St. Columcille's Hospital",2086,1542,1226,3831,8685
"2024-02-29","Adult","South Infirmary Victoria University Hospital",11222,6377,2645,4056,24299
"2024-02-29","Adult","Sligo University Hospital",7277,2262,1078,1429,12046
"2024-02-29","Adult","Royal Victoria Eye and Ear Hospital",5674,2782,1719,1906,12081
"2024-02-29","Adult","Rotunda Hospital",3659,671,0,0,4330
"2024-02-29","Adult","Roscommon University Hospital",2172,780,180,222,3354
"2024-02-29","Adult","Portiuncula University Hospital",1872,358,135,99,2463
"2024-02-29","Adult","Our Lady's Hospital Navan",3432,2009,552,239,6232
"2024-02-29","Adult","Our Lady of Lourdes Hospital Drogheda",8228,2990,233,91,11542
"2024-02-29","Adult","Nenagh Hospital",337,260,207,33,837
"2024-02-29","Adult","National Orthopaedic Hospital Cappagh",3009,1804,578,181,5571
"2024-02-29","Adult","National Maternity Hospital (Holles Street)",2452,608,36,2,3097
"2024-02-29","Adult","Naas General Hospital",6312,2820,708,152,9992
"2024-02-29","Adult","Midland Regional Hospital Tullamore",8115,2151,238,0,10504
"2024-02-29","Adult","Midland Regional Hospital Portlaoise",2232,1075,455,453,4214
"2024-02-29","Adult","Midland Regional Hospital Mullingar",4531,1684,1011,1073,8299
"2024-02-29","Adult","Mercy University Hospital",3025,1358,557,846,5786
"2024-02-29","Child","Tallaght University Hospital",21,5,0,0,26
"2024-02-29","Adult","Mater Misericordiae University Hospital",21994,7767,3176,5191,38127
"2024-02-29","Adult","Mallow General Hospital",2251,826,282,43,3402
"2024-02-29","Adult","Louth County Hospital",1580,384,4,0,1968
"2024-02-29","Adult","Letterkenny University Hospital",7795,2221,1060,1660,12736
"2024-02-29","Adult","Galway University Hospitals",22013,8536,4250,7699,42498
"2024-02-29","Adult","Ennis Hospital",460,373,234,19,1086
"2024-02-29","Adult","Croom Orthopaedic Hospital",3102,1373,308,91,4874
"2024-02-29","Adult","Cork University Maternity Hospital",2281,23,0,0,2304
"2024-02-29","Adult","Cork University Hospital",14669,7393,3374,5048,30484
"2024-02-29","Adult","Coombe Women and Infants University Hospital",1462,895,263,36,2655
"2024-02-29","Adult","Connolly Hospital Blanchardstown",4827,301,0,0,5128
"2024-02-29","Adult","Cavan General Hospital",5315,2016,55,0,7386
"2024-02-29","Adult","Beaumont Hospital",25466,10376,1341,150,37333
"2024-02-29","Adult","Bantry General Hospital",678,214,76,40,1008
"2024-02-29","Child","Wexford General Hospital",617,342,107,0,1066
"2024-02-29","Child","University Hospital Waterford",1992,1080,280,308,3659
"2024-02-29","Child","University Hospital Limerick",2603,898,207,130,3838
"2024-02-29","Child","University Hospital Kerry",756,238,51,2,1047
"2024-02-29","Child","Tipperary University Hospital",311,45,2,0,358
"2024-03-28","Child","Tallaght University Hospital",20,3,0,0,23
"2024-03-28","Child","St. Luke's General Hospital Kilkenny",407,29,9,2,448
"2024-03-28","Child","St. John's Hospital Limerick",3,0,0,0,3
"2024-03-28","Child","South Infirmary Victoria University Hospital",1589,823,261,289,2962
"2024-03-28","Child","Sligo University Hospital",1234,146,50,95,1525
"2024-03-28","Child","Royal Victoria Eye and Ear Hospital",311,189,106,64,670
"2024-03-28","Child","Rotunda Hospital",25,0,0,0,25
"2024-03-28","Child","Portiuncula University Hospital",367,41,10,0,418
"2024-03-28","Child","Our Lady's Hospital Navan",1,1,0,0,2
"2024-03-28","Child","Our Lady of Lourdes Hospital Drogheda",2220,1294,188,21,3722
"2024-03-28","Child","Nenagh Hospital",8,3,3,0,13
"2024-03-28","Child","National Orthopaedic Hospital Cappagh",96,54,46,26,222
"2024-03-28","Child","National Maternity Hospital (Holles Street)",49,19,0,0,68
"2024-03-28","Child","Naas General Hospital",2,0,0,0,2
"2024-03-28","Child","Midland Regional Hospital Tullamore",1010,272,38,0,1320
"2024-03-28","Child","Midland Regional Hospital Portlaoise",720,350,178,50,1298
"2024-03-28","Child","Midland Regional Hospital Mullingar",915,318,150,94,1476
"2024-03-28","Child","Mercy University Hospital",166,95,4,2,266
"2024-03-28","Child","Mayo University Hospital",626,100,54,36,817
"2024-03-28","Child","Mallow General Hospital",233,171,112,5,521
"2024-03-28","Child","Letterkenny University Hospital",1106,373,267,267,2013
"2024-03-28","Child","Galway University Hospitals",3106,1202,465,896,5670
"2024-03-28","Child","Ennis Hospital",31,6,6,0,42
"2024-03-28","Child","Croom Orthopaedic Hospital",182,21,4,2,208
"2024-03-28","Child","Cork University Maternity Hospital",38,0,0,0,38
"2024-03-28","Child","Cork University Hospital",3378,1565,532,368,5843
"2024-03-28","Child","Coombe Women and Infants University Hospital",31,13,5,0,49
"2024-03-28","Child","Children's Health Ireland",19127,10898,6119,4750,40893
"2024-03-28","Child","Cavan General Hospital",847,308,5,2,1162
"2024-03-28","Child","Beaumont Hospital",47,8,3,0,58
"2024-03-28","Adult","Wexford General Hospital",2845,815,256,109,4025
"2024-03-28","Adult","University Hospital Waterford",18027,9445,3988,4906,36366
"2024-03-28","Adult","University Hospital Limerick",14042,4538,1278,891,20748
"2024-03-28","Adult","University Hospital Kerry",6055,2399,703,136,9293
"2024-03-28","Adult","Tipperary University Hospital",2182,910,207,35,3333
"2024-03-28","Adult","Tallaght University Hospital",14181,8688,4336,3655,30860
"2024-03-28","Adult","St. Vincent's University Hospital",18680,7444,2352,730,29206
"2024-03-28","Adult","St. Michael's Hospital",2646,912,344,294,4195
"2024-03-28","Adult","St. Luke's General Hospital Kilkenny",3608,1383,469,176,5637
"2024-03-28","Adult","St. John's Hospital Limerick",389,270,27,1,687
"2024-03-28","Adult","St. James's Hospital",17124,4957,1384,1184,24649
"2024-03-28","Adult","St. Columcille's Hospital",2106,1591,1207,3962,8865
"2024-03-28","Adult","South Infirmary Victoria University Hospital",11499,6458,2803,4091,24851
"2024-03-28","Adult","Sligo University Hospital",7289,2391,919,1617,12216
"2024-03-28","Adult","Royal Victoria Eye and Ear Hospital",5715,2740,1751,1713,11919
"2024-03-28","Adult","Rotunda Hospital",3747,719,0,1,4467
"2024-03-28","Adult","Roscommon University Hospital",2318,807,153,185,3464
"2024-03-28","Adult","Portiuncula University Hospital",2061,319,129,80,2589
"2024-03-28","Adult","Our Lady's Hospital Navan",3544,2060,593,163,6360
"2024-03-28","Adult","Our Lady of Lourdes Hospital Drogheda",8360,3280,279,82,12002
"2024-03-28","Adult","Nenagh Hospital",322,276,210,38,846
"2024-03-28","Adult","National Orthopaedic Hospital Cappagh",2843,1824,607,186,5459
"2024-03-28","Adult","National Maternity Hospital (Holles Street)",2570,609,60,0,3239
"2024-03-28","Adult","Naas General Hospital",6159,2940,754,163,10015
"2024-03-28","Adult","Midland Regional Hospital Tullamore",8179,2045,245,2,10471
"2024-03-28","Adult","Midland Regional Hospital Portlaoise",2245,1099,481,450,4275
"2024-03-28","Adult","Midland Regional Hospital Mullingar",4555,1861,1061,1171,8647
"2024-03-28","Adult","Mercy University Hospital",3040,1380,522,878,5820
"2024-03-28","Adult","Mayo University Hospital",3799,1215,460,375,5849
"2024-03-28","Adult","Mater Misericordiae University Hospital",22254,7568,3161,5127,38110
"2024-03-28","Adult","Mallow General Hospital",2320,831,306,42,3499
"2024-03-28","Adult","Louth County Hospital",1536,389,0,0,1925
"2024-03-28","Adult","Letterkenny University Hospital",7881,2292,1044,1728,12946
"2024-03-28","Adult","Galway University Hospitals",22165,8098,4095,7264,41623
"2024-03-28","Adult","Ennis Hospital",459,356,248,39,1102
"2024-03-28","Adult","Croom Orthopaedic Hospital",3016,1427,356,82,4881
"2024-03-28","Adult","Cork University Maternity Hospital",2164,30,4,0,2198
"2024-03-28","Adult","Cork University Hospital",15220,7328,3425,4999,30972
"2024-03-28","Adult","Coombe Women and Infants University Hospital",1507,897,226,28,2658
"2024-03-28","Adult","Connolly Hospital Blanchardstown",4882,347,0,0,5229
"2024-03-28","Adult","Cavan General Hospital",5182,2338,141,65,7726
"2024-03-28","Adult","Beaumont Hospital",25832,11164,1602,180,38779
"2024-03-28","Adult","Bantry General Hospital",714,198,67,43,1022
"2024-03-28","Child","Wexford General Hospital",628,312,86,1,1027
"2024-03-28","Child","University Hospital Waterford",2099,1062,347,306,3814
"2024-03-28","Child","University Hospital Limerick",2715,906,258,138,4017
"2024-03-28","Child","University Hospital Kerry",742,229,55,7,1033
"2024-03-28","Child","Tipperary University Hospital",285,52,2,0,339
"2024-04-25","Child","Our Lady of Lourdes Hospital Drogheda",2178,1184,222,28,3613
"2024-04-25","Child","Tallaght University Hospital",20,6,0,0,26
"2024-04-25","Child","St. Luke's General Hospital Kilkenny",457,27,7,2,493
"2024-04-25","Child","St. John's Hospital Limerick",4,0,0,0,4
"2024-04-25","Child","South Infirmary Victoria University Hospital",1568,784,315,284,2951
"2024-04-25","Child","Sligo University Hospital",1270,148,36,79,1533
"2024-04-25","Child","Royal Victoria Eye and Ear Hospital",299,202,114,70,685
"2024-04-25","Child","Rotunda Hospital",22,0,0,0,22
"2024-04-25","Child","Portiuncula University Hospital",393,36,20,0,449
"2024-04-25","Child","Our Lady's Hospital Navan",2,2,0,0,3
"2024-04-25","Child","Nenagh Hospital",9,2,2,0,13
"2024-04-25","Child","National Orthopaedic Hospital Cappagh",91,50,43,25,209
"2024-04-25","Child","National Maternity Hospital (Holles Street)",54,17,0,0,71
"2024-04-25","Child","Naas General Hospital",2,0,0,0,2
"2024-04-25","Child","Midland Regional Hospital Tullamore",1053,276,37,0,1366
"2024-04-25","Child","Midland Regional Hospital Portlaoise",693,334,191,54,1272
"2024-04-25","Child","Midland Regional Hospital Mullingar",936,349,135,76,1496
"2024-04-25","Child","Mercy University Hospital",173,73,4,0,249
"2024-04-25","Child","Mayo University Hospital",595,111,25,29,761
"2024-04-25","Child","Mallow General Hospital",238,152,130,20,540
"2024-04-25","Child","Letterkenny University Hospital",1108,354,274,188,1924
"2024-04-25","Child","Galway University Hospitals",3091,1151,503,899,5644
"2024-04-25","Child","Ennis Hospital",27,9,2,2,40
"2024-04-25","Child","Croom Orthopaedic Hospital",177,24,4,2,207
"2024-04-25","Child","Cork University Maternity Hospital",53,2,0,0,55
"2024-04-25","Child","Cork University Hospital",3420,1620,565,356,5960
"2024-04-25","Child","Coombe Women and Infants University Hospital",30,14,6,0,50
"2024-04-25","Child","Children's Health Ireland",19092,11016,6122,4957,41187
"2024-04-25","Child","Cavan General Hospital",856,323,4,4,1188
"2024-04-25","Child","Beaumont Hospital",55,5,3,0,64
"2024-04-25","Adult","Wexford General Hospital",2803,760,100,60,3723
"2024-04-25","Adult","University Hospital Waterford",17920,9743,4176,4892,36732
"2024-04-25","Adult","University Hospital Limerick",14400,4304,1226,864,20794
"2024-04-25","Adult","University Hospital Kerry",5793,2334,739,171,9038
"2024-04-25","Adult","Tipperary University Hospital",2103,927,233,35,3297
"2024-04-25","Adult","Tallaght University Hospital",14206,8691,4322,3525,30744
"2024-04-25","Adult","St. Vincent's University Hospital",19505,7469,2565,824,30362
"2024-04-25","Adult","St. Michael's Hospital",2601,946,321,298,4165
"2024-04-25","Adult","St. Luke's General Hospital Kilkenny",3740,1410,522,189,5860
"2024-04-25","Adult","St. John's Hospital Limerick",427,260,40,0,727
"2024-04-25","Adult","St. James's Hospital",17157,5194,1417,1185,24954
"2024-04-25","Adult","St. Columcille's Hospital",2233,1604,1183,4127,9148
"2024-04-25","Adult","South Infirmary Victoria University Hospital",11475,6683,2936,4052,25146
"2024-04-25","Adult","Sligo University Hospital",7413,2362,884,1461,12119
"2024-04-25","Adult","Royal Victoria Eye and Ear Hospital",5618,2889,1730,1640,11877
"2024-04-25","Adult","Rotunda Hospital",3734,821,0,2,4557
"2024-04-25","Adult","Roscommon University Hospital",2493,724,157,148,3521
"2024-04-25","Adult","Portiuncula University Hospital",2090,331,139,83,2643
"2024-04-25","Adult","Our Lady's Hospital Navan",3499,1950,617,132,6198
"2024-04-25","Adult","Our Lady of Lourdes Hospital Drogheda",8224,3275,341,60,11901
"2024-04-25","Adult","Nenagh Hospital",377,279,216,54,926
"2024-04-25","Adult","National Orthopaedic Hospital Cappagh",2719,1951,575,226,5471
"2024-04-25","Adult","National Maternity Hospital (Holles Street)",2603,615,95,0,3313
"2024-04-25","Adult","Naas General Hospital",6109,2897,938,166,10109
"2024-04-25","Adult","Midland Regional Hospital Tullamore",8387,2058,260,0,10704
"2024-04-25","Adult","Midland Regional Hospital Portlaoise",2201,1036,350,425,4012
"2024-04-25","Adult","Midland Regional Hospital Mullingar",4779,1960,1099,1140,8978
"2024-04-25","Adult","Mercy University Hospital",2905,1396,520,862,5683
"2024-04-25","Adult","Mayo University Hospital",3978,1127,399,310,5814
"2024-04-25","Adult","Mater Misericordiae University Hospital",22298,7455,3198,4961,37912
"2024-04-25","Adult","Mallow General Hospital",2381,847,341,54,3622
"2024-04-25","Adult","Louth County Hospital",1449,393,3,0,1845
"2024-04-25","Adult","Letterkenny University Hospital",8106,2351,981,1809,13247
"2024-04-25","Adult","Galway University Hospitals",21844,8313,4312,7162,41632
"2024-04-25","Adult","Ennis Hospital",485,353,257,44,1138
"2024-04-25","Adult","Croom Orthopaedic Hospital",3130,1357,438,78,5003
"2024-04-25","Adult","Cork University Maternity Hospital",2253,56,3,0,2311
"2024-04-25","Adult","Cork University Hospital",15469,7225,3513,4999,31206
"2024-04-25","Adult","Coombe Women and Infants University Hospital",1477,766,162,21,2426
"2024-04-25","Adult","Connolly Hospital Blanchardstown",4838,244,19,0,5101
"2024-04-25","Adult","Cavan General Hospital",5009,2700,152,66,7927
"2024-04-25","Adult","Beaumont Hospital",25889,12216,1867,212,40185
"2024-04-25","Adult","Bantry General Hospital",697,103,16,2,818
"2024-04-25","Child","University Hospital Kerry",714,268,53,12,1048
"2024-04-25","Child","University Hospital Limerick",2805,788,248,134,3975
"2024-04-25","Child","University Hospital Waterford",2127,1068,373,290,3857
"2024-04-25","Child","Wexford General Hospital",675,284,96,0,1055
"2024-04-25","Child","Tipperary University Hospital",268,54,2,0,324
"2024-05-30","Child","Tallaght University Hospital",11,6,2,0,19
"2024-05-30","Child","South Infirmary Victoria University Hospital",1596,738,372,288,2993
"2024-05-30","Child","Sligo University Hospital",1361,140,37,73,1611
"2024-05-30","Child","Royal Victoria Eye and Ear Hospital",306,166,131,68,671
"2024-05-30","Child","Rotunda Hospital",11,0,0,0,11
"2024-05-30","Child","Portiuncula University Hospital",418,34,19,0,471
"2024-05-30","Child","Our Lady's Hospital Navan",1,0,0,0,1
"2024-05-30","Child","Our Lady of Lourdes Hospital Drogheda",2213,1166,269,29,3677
"2024-05-30","Child","Nenagh Hospital",8,1,1,0,10
"2024-05-30","Child","National Orthopaedic Hospital Cappagh",140,46,42,25,253
"2024-05-30","Child","National Maternity Hospital (Holles Street)",56,15,0,0,71
"2024-05-30","Child","Naas General Hospital",5,0,0,0,5
"2024-05-30","Child","Midland Regional Hospital Tullamore",1134,251,37,0,1422
"2024-05-30","Child","Midland Regional Hospital Portlaoise",766,337,205,58,1365
"2024-05-30","Child","Midland Regional Hospital Mullingar",869,369,109,10,1357
"2024-05-30","Child","Mercy University Hospital",172,58,2,0,231
"2024-05-30","Child","Mayo University Hospital",583,84,24,24,716
"2024-05-30","Child","Mallow General Hospital",235,134,154,26,548
"2024-05-30","Child","Letterkenny University Hospital",1149,335,268,135,1887
"2024-05-30","Child","Galway University Hospitals",3142,1108,510,778,5538
"2024-05-30","Child","Ennis Hospital",29,11,3,0,43
"2024-05-30","Child","Croom Orthopaedic Hospital",214,17,2,2,236
"2024-05-30","Child","Cork University Maternity Hospital",54,0,0,0,54
"2024-05-30","Child","Cork University Hospital",3555,1583,612,370,6120
"2024-05-30","Child","Coombe Women and Infants University Hospital",27,14,7,0,47
"2024-05-30","Child","Children's Health Ireland",19830,10292,6538,5002,41662
"2024-05-30","Child","Cavan General Hospital",850,291,30,2,1173
"2024-05-30","Child","Beaumont Hospital",60,8,3,0,71
"2024-05-30","Adult","Wexford General Hospital",2986,725,112,47,3870
"2024-05-30","Adult","University Hospital Waterford",18480,9688,4507,5070,37745
"2024-05-30","Adult","University Hospital Limerick",14720,3932,1317,924,20891
"2024-05-30","Adult","University Hospital Kerry",5917,2426,770,204,9317
"2024-05-30","Adult","Tipperary University Hospital",2228,875,264,16,3383
"2024-05-30","Adult","Tallaght University Hospital",14751,8521,4302,3407,30981
"2024-05-30","Adult","St. Vincent's University Hospital",19467,7324,2815,992,30597
"2024-05-30","Adult","St. Michael's Hospital",2731,956,369,314,4370
"2024-05-30","Adult","St. Luke's General Hospital Kilkenny",3753,1330,678,231,5992
"2024-05-30","Adult","St. John's Hospital Limerick",378,268,58,0,703
"2024-05-30","Adult","St. James's Hospital",17377,4997,1507,1080,24960
"2024-05-30","Adult","St. Columcille's Hospital",2218,1476,1193,4299,9185
"2024-05-30","Adult","South Infirmary Victoria University Hospital",12099,6713,3046,3945,25803
"2024-05-30","Adult","Sligo University Hospital",7499,2146,860,1401,11905
"2024-05-30","Adult","Royal Victoria Eye and Ear Hospital",5339,2802,1727,1479,11347
"2024-05-30","Adult","Rotunda Hospital",3741,808,1,0,4550
"2024-05-30","Adult","Roscommon University Hospital",2808,652,168,112,3740
"2024-05-30","Adult","Portiuncula University Hospital",2014,363,142,73,2592
"2024-05-30","Adult","Our Lady's Hospital Navan",3705,1873,651,105,6334
"2024-05-30","Adult","Our Lady of Lourdes Hospital Drogheda",8554,3257,429,47,12286
"2024-05-30","Adult","Nenagh Hospital",382,261,201,88,932
"2024-05-30","Adult","National Orthopaedic Hospital Cappagh",2560,1968,570,234,5332
"2024-05-30","Adult","National Maternity Hospital (Holles Street)",2624,534,123,1,3282
"2024-05-30","Adult","Naas General Hospital",6328,2804,1011,146,10288
"2024-05-30","Adult","Midland Regional Hospital Tullamore",8859,2012,251,0,11122
"2024-05-30","Adult","Midland Regional Hospital Portlaoise",2356,1001,363,389,4109
"2024-05-30","Adult","Midland Regional Hospital Mullingar",4681,2080,1106,1173,9039
"2024-05-30","Adult","Mercy University Hospital",2988,1344,569,808,5708
"2024-05-30","Adult","Mayo University Hospital",3769,1095,263,217,5343
"2024-05-30","Adult","Mater Misericordiae University Hospital",22650,7106,3314,4853,37924
"2024-05-30","Adult","Mallow General Hospital",2401,861,337,91,3690
"2024-05-30","Adult","Louth County Hospital",1478,344,0,1,1824
"2024-05-30","Adult","Letterkenny University Hospital",8179,2432,983,1801,13394
"2024-05-30","Adult","Galway University Hospitals",21837,8616,4210,6333,40996
"2024-05-30","Adult","Ennis Hospital",497,335,274,75,1181
"2024-05-30","Adult","Croom Orthopaedic Hospital",3138,1291,477,103,5009
"2024-05-30","Adult","Cork University Maternity Hospital",2159,47,5,0,2211
"2024-05-30","Adult","Cork University Hospital",15456,6809,3523,4979,30767
"2024-05-30","Adult","Coombe Women and Infants University Hospital",1507,761,150,19,2437
"2024-05-30","Adult","Connolly Hospital Blanchardstown",4771,292,18,0,5081
"2024-05-30","Adult","Cavan General Hospital",5011,2677,225,58,7971
"2024-05-30","Adult","Beaumont Hospital",26268,12243,2373,253,41137
"2024-05-30","Adult","Bantry General Hospital",793,99,14,0,905
"2024-05-30","Child","St. Luke's General Hospital Kilkenny",479,15,15,7,516
"2024-05-30","Child","Tipperary University Hospital",298,47,3,0,347
"2024-05-30","Child","University Hospital Kerry",731,307,60,13,1111
"2024-05-30","Child","University Hospital Limerick",2757,783,283,140,3963
"2024-05-30","Child","St. John's Hospital Limerick",5,0,0,0,5
"2024-05-30","Child","University Hospital Waterford",2163,1007,436,309,3915
"2024-05-30","Child","Wexford General Hospital",705,278,53,0,1035
"2024-06-27","Adult","Bantry General Hospital",728,89,18,0,836
"2024-06-27","Adult","Beaumont Hospital",26624,11588,2492,250,40954
"2024-06-27","Adult","Cavan General Hospital",4798,2565,325,55,7743
"2024-06-27","Adult","Connolly Hospital Blanchardstown",5035,372,11,0,5418
"2024-06-27","Adult","Coombe Women and Infants University Hospital",1564,724,122,17,2427
"2024-06-27","Adult","Cork University Hospital",16015,6640,3583,4939,31177
"2024-06-27","Adult","Cork University Maternity Hospital",2188,50,9,0,2246
"2024-06-27","Adult","Croom Orthopaedic Hospital",3292,1277,527,137,5232
"2024-06-27","Adult","Ennis Hospital",483,319,270,78,1149
"2024-06-27","Adult","Galway University Hospitals",22661,8525,4157,6209,41551
"2024-06-27","Adult","Letterkenny University Hospital",9129,2485,1055,1802,14471
"2024-06-27","Adult","Louth County Hospital",1498,364,5,0,1867
"2024-06-27","Adult","Mallow General Hospital",2376,913,321,124,3734
"2024-06-27","Adult","Mater Misericordiae University Hospital",23309,6705,3258,4770,38042
"2024-06-27","Adult","Mayo University Hospital",3991,1031,253,184,5460
"2024-06-27","Adult","Mercy University Hospital",3186,1299,583,775,5842
"2024-06-27","Adult","Midland Regional Hospital Mullingar",4843,1866,1061,1091,8860
"2024-06-27","Adult","Midland Regional Hospital Portlaoise",2284,950,433,377,4043
"2024-06-27","Adult","Midland Regional Hospital Tullamore",9154,2014,314,0,11482
"2024-06-27","Adult","Naas General Hospital",6494,2712,1060,130,10395
"2024-06-27","Adult","National Maternity Hospital (Holles Street)",2705,475,119,1,3300
"2024-06-27","Adult","National Orthopaedic Hospital Cappagh",2571,1684,557,241,5053
"2024-06-27","Adult","Nenagh Hospital",399,258,213,101,971
"2024-06-27","Adult","Our Lady of Lourdes Hospital Drogheda",9321,3417,537,51,13325
"2024-06-27","Adult","Our Lady's Hospital Navan",3837,1720,656,103,6317
"2024-06-27","Adult","Portiuncula University Hospital",2067,398,133,75,2672
"2024-06-27","Adult","Roscommon University Hospital",2934,620,164,101,3820
"2024-06-27","Adult","Rotunda Hospital",3738,787,1,0,4526
"2024-06-27","Adult","Royal Victoria Eye and Ear Hospital",5422,2645,1598,1399,11064
"2024-06-27","Adult","Sligo University Hospital",7482,2187,861,1268,11798
"2024-06-27","Adult","South Infirmary Victoria University Hospital",12388,6559,3115,3712,25774
"2024-06-27","Adult","St. Columcille's Hospital",2339,1423,1174,4243,9179
"2024-06-27","Adult","St. James's Hospital",17680,4990,1527,1009,25206
"2024-06-27","Adult","St. John's Hospital Limerick",353,226,86,0,664
"2024-06-27","Adult","St. Luke's General Hospital Kilkenny",3802,1316,741,268,6128
"2024-06-27","Adult","St. Michael's Hospital",2723,927,358,325,4332
"2024-06-27","Adult","St. Vincent's University Hospital",19465,7489,2984,1305,31242
"2024-06-27","Adult","Tallaght University Hospital",14988,8095,4284,3263,30629
"2024-06-27","Adult","Tipperary University Hospital",2230,773,297,9,3309
"2024-06-27","Adult","University Hospital Kerry",5867,2498,842,233,9440
"2024-06-27","Adult","University Hospital Limerick",15079,3799,1499,978,21355
"2024-06-27","Adult","University Hospital Waterford",18666,9711,4812,5210,38399
"2024-06-27","Adult","Wexford General Hospital",3042,632,115,62,3852
"2024-06-27","Child","Beaumont Hospital",46,11,3,0,59
"2024-06-27","Child","Cavan General Hospital",848,207,42,0,1097
"2024-06-27","Child","Children's Health Ireland",19992,9565,6420,5069,41046
"2024-06-27","Child","Coombe Women and Infants University Hospital",26,14,6,0,46
"2024-06-27","Child","Cork University Hospital",3503,1550,629,354,6037
"2024-06-27","Child","Cork University Maternity Hospital",57,0,0,0,57
"2024-06-27","Child","Croom Orthopaedic Hospital",208,13,2,2,225
"2024-06-27","Child","Ennis Hospital",32,10,6,0,47
"2024-06-27","Child","Galway University Hospitals",3151,1047,511,802,5511
"2024-06-27","Child","Letterkenny University Hospital",1159,341,269,158,1926
"2024-06-27","Child","Mallow General Hospital",216,146,163,32,557
"2024-06-27","Child","Mayo University Hospital",652,88,12,29,780
"2024-06-27","Child","Mercy University Hospital",137,44,0,0,181
"2024-06-27","Child","Midland Regional Hospital Mullingar",894,302,96,5,1297
"2024-06-27","Child","Midland Regional Hospital Portlaoise",755,347,206,56,1365
"2024-06-27","Child","Midland Regional Hospital Tullamore",1164,310,13,0,1487
"2024-06-27","Child","Naas General Hospital",6,2,0,0,8
"2024-06-27","Child","National Maternity Hospital (Holles Street)",54,17,0,0,71
"2024-06-27","Child","National Orthopaedic Hospital Cappagh",133,49,39,20,241
"2024-06-27","Child","Nenagh Hospital",7,2,2,0,11
"2024-06-27","Child","Our Lady of Lourdes Hospital Drogheda",2230,1249,260,21,3760
"2024-06-27","Child","Our Lady's Hospital Navan",1,0,0,0,1
"2024-06-27","Child","Portiuncula University Hospital",437,30,17,0,485
"2024-06-27","Child","Rotunda Hospital",10,0,0,0,10
"2024-06-27","Child","Royal Victoria Eye and Ear Hospital",288,148,120,63,619
"2024-06-27","Child","Sligo University Hospital",1356,152,40,81,1629
"2024-06-27","Child","South Infirmary Victoria University Hospital",1582,704,389,278,2953
"2024-06-27","Child","St. John's Hospital Limerick",1,0,0,0,1
"2024-06-27","Child","St. Luke's General Hospital Kilkenny",463,11,15,7,495
"2024-06-27","Child","Tallaght University Hospital",10,8,0,0,18
"2024-06-27","Child","Tipperary University Hospital",310,47,7,0,364
"2024-06-27","Child","University Hospital Kerry",759,323,68,14,1164
"2024-06-27","Child","University Hospital Limerick",2875,817,293,127,4111
"2024-06-27","Child","University Hospital Waterford",2170,1011,470,329,3980
"2024-06-27","Child","Wexford General Hospital",735,275,15,0,1025
"2024-07-25","Adult","Bantry General Hospital",750,80,14,0,844
"2024-07-25","Adult","Beaumont Hospital",27100,12010,2532,263,41904
"2024-07-25","Adult","Cavan General Hospital",4741,2188,413,29,7372
"2024-07-25","Adult","Connolly Hospital Blanchardstown",5234,401,102,0,5737
"2024-07-25","Adult","Coombe Women and Infants University Hospital",1617,710,117,16,2460
"2024-07-25","Adult","Cork University Hospital",15943,6491,3716,4731,30881
"2024-07-25","Adult","Cork University Maternity Hospital",2291,27,5,3,2325
"2024-07-25","Adult","Croom Orthopaedic Hospital",3261,1276,584,122,5243
"2024-07-25","Adult","Ennis Hospital",505,279,279,86,1149
"2024-07-25","Adult","Galway University Hospitals",22738,7886,3948,5617,40189
"2024-07-25","Adult","Letterkenny University Hospital",9938,2583,1055,1807,15384
"2024-07-25","Adult","Louth County Hospital",1484,375,5,0,1864
"2024-07-25","Adult","Mallow General Hospital",2438,893,314,136,3780
"2024-07-25","Adult","Mater Misericordiae University Hospital",23556,6381,3207,4709,37853
"2024-07-25","Adult","Mayo University Hospital",4022,998,262,174,5457
"2024-07-25","Adult","Mercy University Hospital",3265,1241,595,718,5819
"2024-07-25","Adult","Midland Regional Hospital Mullingar",4824,1826,955,976,8580
"2024-07-25","Adult","Midland Regional Hospital Portlaoise",2274,891,451,338,3955
"2024-07-25","Adult","Midland Regional Hospital Tullamore",9220,1963,215,2,11400
"2024-07-25","Adult","Naas General Hospital",6850,2695,1137,113,10795
"2024-07-25","Adult","National Maternity Hospital (Holles Street)",2781,478,116,1,3376
"2024-07-25","Adult","National Orthopaedic Hospital Cappagh",2554,1656,559,219,4987
"2024-07-25","Adult","Nenagh Hospital",414,228,215,117,974
"2024-07-25","Adult","Our Lady of Lourdes Hospital Drogheda",9367,3471,679,36,13553
"2024-07-25","Adult","Our Lady's Hospital Navan",3871,1604,546,114,6135
"2024-07-25","Adult","Portiuncula University Hospital",2060,420,133,84,2698
"2024-07-25","Adult","Roscommon University Hospital",2575,506,165,78,3323
"2024-07-25","Adult","Rotunda Hospital",3875,661,3,0,4539
"2024-07-25","Adult","Royal Victoria Eye and Ear Hospital",5584,2658,1688,1324,11254
"2024-07-25","Adult","Sligo University Hospital",7906,2194,872,1211,12183
"2024-07-25","Adult","South Infirmary Victoria University Hospital",13070,6359,3307,3771,26507
"2024-07-25","Adult","St. Columcille's Hospital",2513,1374,1163,4236,9286
"2024-07-25","Adult","St. James's Hospital",18212,4885,1580,891,25569
"2024-07-25","Adult","St. John's Hospital Limerick",335,209,84,0,628
"2024-07-25","Adult","St. Luke's General Hospital Kilkenny",3976,1245,798,299,6318
"2024-07-25","Adult","St. Michael's Hospital",2746,877,380,318,4321
"2024-07-25","Adult","St. Vincent's University Hospital",19605,7012,3319,1407,31342
"2024-07-25","Adult","Tallaght University Hospital",15258,7816,4285,3069,30427
"2024-07-25","Adult","Tipperary University Hospital",2221,702,320,17,3260
"2024-07-25","Adult","University Hospital Kerry",6532,2428,830,244,10034
"2024-07-25","Adult","University Hospital Limerick",14900,3633,1638,957,21128
"2024-07-25","Adult","University Hospital Waterford",19116,9581,5047,5044,38789
"2024-07-25","Adult","Wexford General Hospital",3068,545,131,67,3811
"2024-07-25","Child","Beaumont Hospital",41,9,1,1,52
"2024-07-25","Child","Cavan General Hospital",855,140,63,0,1058
"2024-07-25","Child","Children's Health Ireland",19937,9448,6569,4837,40791
"2024-07-25","Child","Coombe Women and Infants University Hospital",26,14,6,0,47
"2024-07-25","Child","Cork University Hospital",3623,1563,647,362,6195
"2024-07-25","Child","Cork University Maternity Hospital",60,0,0,0,60
"2024-07-25","Child","Croom Orthopaedic Hospital",213,15,3,2,232
"2024-07-25","Child","Ennis Hospital",27,10,4,2,42
"2024-07-25","Child","Galway University Hospitals",3116,876,475,762,5230
"2024-07-25","Child","Letterkenny University Hospital",1163,330,279,152,1924
"2024-07-25","Child","Mallow General Hospital",199,143,163,42,547
"2024-07-25","Child","Mayo University Hospital",660,82,8,30,779
"2024-07-25","Child","Midland Regional Hospital Mullingar",871,318,91,5,1285
"2024-07-25","Child","Midland Regional Hospital Portlaoise",746,355,201,50,1353
"2024-07-25","Child","Midland Regional Hospital Tullamore",1077,356,5,0,1437
"2024-07-25","Child","Naas General Hospital",5,2,0,0,6
"2024-07-25","Child","National Maternity Hospital (Holles Street)",56,10,3,0,68
"2024-07-25","Child","National Orthopaedic Hospital Cappagh",128,45,32,17,222
"2024-07-25","Child","Nenagh Hospital",7,3,0,0,10
"2024-07-25","Child","Our Lady of Lourdes Hospital Drogheda",2145,1266,304,12,3727
"2024-07-25","Child","Our Lady's Hospital Navan",2,0,0,0,2
"2024-07-25","Child","Portiuncula University Hospital",411,29,5,0,445
"2024-07-25","Child","Roscommon University Hospital",144,36,12,8,200
"2024-07-25","Child","Rotunda Hospital",13,1,0,0,14
"2024-07-25","Child","Royal Victoria Eye and Ear Hospital",305,146,121,48,620
"2024-07-25","Child","Sligo University Hospital",1404,163,47,85,1700
"2024-07-25","Child","South Infirmary Victoria University Hospital",1576,663,394,305,2938
"2024-07-25","Child","St. Luke's General Hospital Kilkenny",478,13,17,7,515
"2024-07-25","Child","Tallaght University Hospital",8,8,0,0,15
"2024-07-25","Child","Tipperary University Hospital",300,41,5,0,346
"2024-07-25","Child","University Hospital Kerry",758,309,75,16,1158
"2024-07-25","Child","University Hospital Limerick",2754,845,309,103,4010
"2024-07-25","Child","University Hospital Waterford",2146,1032,504,315,3997
"2024-07-25","Child","Wexford General Hospital",734,264,2,0,1000
"2024-08-29","Child","Wexford General Hospital",725,238,0,0,963
"2024-08-29","Adult","Bantry General Hospital",815,114,10,2,942
"2024-08-29","Adult","Beaumont Hospital",26341,13060,2908,307,42616
"2024-08-29","Adult","Cavan General Hospital",4440,1807,483,39,6770
"2024-08-29","Adult","Connolly Hospital Blanchardstown",5665,349,23,0,6037
"2024-08-29","Adult","Coombe Women and Infants University Hospital",1727,749,120,15,2611
"2024-08-29","Adult","Cork University Hospital",14861,6617,3477,4834,29789
"2024-08-29","Adult","Cork University Maternity Hospital",2299,43,2,2,2345
"2024-08-29","Adult","Croom Orthopaedic Hospital",3248,1438,632,197,5515
"2024-08-29","Adult","Ennis Hospital",509,286,293,76,1164
"2024-08-29","Adult","Galway University Hospitals",22797,8468,4125,5621,41012
"2024-08-29","Adult","Letterkenny University Hospital",9831,2673,927,1424,14855
"2024-08-29","Adult","Louth County Hospital",1453,361,4,0,1817
"2024-08-29","Adult","Mallow General Hospital",2535,897,313,164,3908
"2024-08-29","Adult","Mater Misericordiae University Hospital",23681,6609,3101,4688,38078
"2024-08-29","Adult","Mayo University Hospital",3998,1041,257,277,5572
"2024-08-29","Adult","Mercy University Hospital",3061,1270,563,622,5516
"2024-08-29","Adult","Midland Regional Hospital Mullingar",4959,1702,687,967,8315
"2024-08-29","Adult","Midland Regional Hospital Portlaoise",2663,954,464,322,4403
"2024-08-29","Adult","Midland Regional Hospital Tullamore",9172,1996,214,2,11384
"2024-08-29","Adult","Naas General Hospital",6728,2724,1176,122,10749
"2024-08-29","Adult","National Maternity Hospital (Holles Street)",2281,527,117,1,2926
"2024-08-29","Adult","National Orthopaedic Hospital Cappagh",2389,1705,572,220,4886
"2024-08-29","Adult","Nenagh Hospital",387,255,214,66,922
"2024-08-29","Adult","Our Lady of Lourdes Hospital Drogheda",9398,3549,848,42,13838
"2024-08-29","Adult","Our Lady's Hospital Navan",3770,1457,426,70,5722
"2024-08-29","Adult","Portiuncula University Hospital",2095,483,141,65,2784
"2024-08-29","Adult","Roscommon University Hospital",2591,467,137,72,3268
"2024-08-29","Adult","Rotunda Hospital",3899,710,3,3,4614
"2024-08-29","Adult","Royal Victoria Eye and Ear Hospital",5696,2743,1608,1311,11358
"2024-08-29","Adult","Sligo University Hospital",7533,2176,930,1218,11858
"2024-08-29","Adult","South Infirmary Victoria University Hospital",13419,6690,3178,3713,27000
"2024-08-29","Adult","St. Columcille's Hospital",2491,1361,1227,4349,9428
"2024-08-29","Adult","St. James's Hospital",17700,4853,1425,897,24874
"2024-08-29","Adult","St. John's Hospital Limerick",338,185,86,2,612
"2024-08-29","Adult","St. Luke's General Hospital Kilkenny",3671,1225,780,359,6034
"2024-08-29","Adult","St. Michael's Hospital",2738,935,425,363,4461
"2024-08-29","Adult","St. Vincent's University Hospital",19561,7220,3445,1443,31668
"2024-08-29","Adult","Tallaght University Hospital",15471,7815,4185,2887,30359
"2024-08-29","Adult","Tipperary University Hospital",2321,677,311,21,3331
"2024-08-29","Adult","University Hospital Kerry",6671,2650,906,291,10517
"2024-08-29","Adult","University Hospital Limerick",15382,4191,1802,995,22369
"2024-08-29","Adult","University Hospital Waterford",19674,9906,5242,4937,39759
"2024-08-29","Adult","Wexford General Hospital",3134,585,110,71,3899
"2024-08-29","Child","Beaumont Hospital",60,10,2,0,71
"2024-08-29","Child","Cavan General Hospital",788,115,57,0,960
"2024-08-29","Child","Children's Health Ireland",19697,9992,6319,4821,40829
"2024-08-29","Child","Coombe Women and Infants University Hospital",32,14,4,0,50
"2024-08-29","Child","Cork University Hospital",3415,1645,593,390,6043
"2024-08-29","Child","Cork University Maternity Hospital",50,0,0,0,50
"2024-08-29","Child","Croom Orthopaedic Hospital",205,16,3,3,227
"2024-08-29","Child","Ennis Hospital",28,11,3,2,44
"2024-08-29","Child","Galway University Hospitals",3040,916,476,742,5174
"2024-08-29","Child","Letterkenny University Hospital",1090,340,253,141,1824
"2024-08-29","Child","Mallow General Hospital",165,151,147,66,528
"2024-08-29","Child","Mayo University Hospital",578,90,12,31,711
"2024-08-29","Child","Mercy University Hospital",1,0,0,0,1
"2024-08-29","Child","Midland Regional Hospital Mullingar",847,324,83,9,1263
"2024-08-29","Child","Midland Regional Hospital Portlaoise",818,427,199,56,1500
"2024-08-29","Child","Midland Regional Hospital Tullamore",1017,427,5,0,1448
"2024-08-29","Child","Naas General Hospital",9,1,0,0,10
"2024-08-29","Child","National Maternity Hospital (Holles Street)",45,3,3,0,50
"2024-08-29","Child","National Orthopaedic Hospital Cappagh",124,40,19,18,201
"2024-08-29","Child","Nenagh Hospital",9,1,1,0,12
"2024-08-29","Child","Our Lady of Lourdes Hospital Drogheda",2007,1274,344,13,3639
"2024-08-29","Child","Our Lady's Hospital Navan",2,0,0,0,2
"2024-08-29","Child","Portiuncula University Hospital",421,27,13,0,461
"2024-08-29","Child","Roscommon University Hospital",154,43,11,10,219
"2024-08-29","Child","Rotunda Hospital",16,1,0,0,17
"2024-08-29","Child","Royal Victoria Eye and Ear Hospital",301,145,129,45,620
"2024-08-29","Child","Sligo University Hospital",1359,175,48,87,1669
"2024-08-29","Child","South Infirmary Victoria University Hospital",1568,697,365,313,2942
"2024-08-29","Child","St. Luke's General Hospital Kilkenny",438,14,14,9,475
"2024-08-29","Child","Tallaght University Hospital",6,8,0,0,14
"2024-08-29","Child","Tipperary University Hospital",265,44,10,0,319
"2024-08-29","Child","University Hospital Kerry",707,359,74,24,1163
"2024-08-29","Child","University Hospital Limerick",2728,993,313,77,4112
"2024-08-29","Child","University Hospital Waterford",2099,1070,482,342,3994
"2024-09-26","Child","University Hospital Waterford",2038,1062,451,345,3895
"2024-09-26","Child","Tallaght University Hospital",8,4,0,0,12
"2024-09-26","Child","St. Luke's General Hospital Kilkenny",421,13,14,12,460
"2024-09-26","Child","South Infirmary Victoria University Hospital",1596,723,324,308,2950
"2024-09-26","Child","Sligo University Hospital",1276,180,57,92,1605
"2024-09-26","Child","Royal Victoria Eye and Ear Hospital",265,143,117,61,586
"2024-09-26","Child","Rotunda Hospital",21,0,0,0,21
"2024-09-26","Child","Roscommon University Hospital",135,55,16,9,215
"2024-09-26","Child","Portiuncula University Hospital",410,34,9,0,452
"2024-09-26","Child","Our Lady's Hospital Navan",3,0,0,0,3
"2024-09-26","Child","Our Lady of Lourdes Hospital Drogheda",1945,1237,399,4,3585
"2024-09-26","Child","Nenagh Hospital",9,3,1,0,13
"2024-09-26","Child","National Orthopaedic Hospital Cappagh",120,42,14,15,191
"2024-09-26","Child","National Maternity Hospital (Holles Street)",39,6,1,0,46
"2024-09-26","Child","Naas General Hospital",8,1,0,0,9
"2024-09-26","Child","Midland Regional Hospital Tullamore",969,417,5,0,1391
"2024-09-26","Child","Midland Regional Hospital Portlaoise",786,416,174,34,1410
"2024-09-26","Child","Midland Regional Hospital Mullingar",814,329,99,10,1251
"2024-09-26","Child","Mayo University Hospital",582,85,14,49,731
"2024-09-26","Child","Mallow General Hospital",132,167,144,83,526
"2024-09-26","Child","Letterkenny University Hospital",1046,386,185,86,1703
"2024-09-26","Child","Galway University Hospitals",2927,848,491,714,4980
"2024-09-26","Child","Ennis Hospital",25,16,3,0,44
"2024-09-26","Child","Croom Orthopaedic Hospital",188,16,3,3,210
"2024-09-26","Child","Cork University Maternity Hospital",62,0,0,0,62
"2024-09-26","Child","Cork University Hospital",3226,1680,546,432,5884
"2024-09-26","Child","Coombe Women and Infants University Hospital",32,14,4,0,50
"2024-09-26","Child","Children's Health Ireland",19220,10126,6254,4704,40304
"2024-09-26","Child","Cavan General Hospital",692,100,44,2,838
"2024-09-26","Child","Beaumont Hospital",49,15,0,1,65
"2024-09-26","Adult","Wexford General Hospital",3022,595,106,85,3808
"2024-09-26","Adult","University Hospital Waterford",20311,9694,5149,4729,39883
"2024-09-26","Adult","University Hospital Limerick",14990,4098,1820,841,21749
"2024-09-26","Adult","University Hospital Kerry",6557,2649,992,318,10516
"2024-09-26","Adult","Tipperary University Hospital",2420,688,292,28,3428
"2024-09-26","Adult","Tallaght University Hospital",15653,7667,4101,2617,30038
"2024-09-26","Child","University Hospital Limerick",2612,1137,312,88,4149
"2024-09-26","Adult","St. Vincent's University Hospital",19169,7420,3463,1450,31503
"2024-09-26","Adult","St. Michael's Hospital",2660,963,505,354,4482
"2024-09-26","Adult","St. Luke's General Hospital Kilkenny",3813,1250,837,427,6326
"2024-09-26","Adult","St. John's Hospital Limerick",338,160,84,2,585
"2024-09-26","Adult","St. James's Hospital",17626,4879,1274,919,24698
"2024-09-26","Adult","St. Columcille's Hospital",2373,1403,1229,4366,9371
"2024-09-26","Adult","South Infirmary Victoria University Hospital",14218,6872,3330,3742,28162
"2024-09-26","Adult","Sligo University Hospital",7180,2095,1029,1249,11554
"2024-09-26","Adult","Royal Victoria Eye and Ear Hospital",5771,2731,1512,1263,11277
"2024-09-26","Adult","Rotunda Hospital",3816,743,2,2,4563
"2024-09-26","Adult","Roscommon University Hospital",2493,485,128,66,3172
"2024-09-26","Adult","Portiuncula University Hospital",2064,428,128,45,2664
"2024-09-26","Adult","Our Lady's Hospital Navan",3827,1541,405,40,5814
"2024-09-26","Adult","Our Lady of Lourdes Hospital Drogheda",9137,3652,905,50,13744
"2024-09-26","Adult","Nenagh Hospital",377,245,226,95,943
"2024-09-26","Adult","National Orthopaedic Hospital Cappagh",2311,1550,574,237,4672
"2024-09-26","Adult","National Maternity Hospital (Holles Street)",2240,608,114,0,2962
"2024-09-26","Adult","Naas General Hospital",6722,2611,1148,99,10580
"2024-09-26","Adult","Midland Regional Hospital Tullamore",9289,1879,169,2,11340
"2024-09-26","Adult","Midland Regional Hospital Portlaoise",2555,829,410,246,4039
"2024-09-26","Adult","Midland Regional Hospital Mullingar",4902,1504,671,997,8074
"2024-09-26","Adult","Mercy University Hospital",3018,1248,427,529,5223
"2024-09-26","Adult","Mayo University Hospital",3959,982,224,299,5465
"2024-09-26","Adult","Mater Misericordiae University Hospital",23631,6625,3023,4661,37939
"2024-09-26","Adult","Mallow General Hospital",2506,972,332,187,3997
"2024-09-26","Adult","Louth County Hospital",1504,386,10,36,1935
"2024-09-26","Adult","Letterkenny University Hospital",10019,2606,844,1259,14728
"2024-09-26","Adult","Galway University Hospitals",22849,8216,3828,5693,40585
"2024-09-26","Adult","Ennis Hospital",500,291,268,107,1166
"2024-09-26","Adult","Croom Orthopaedic Hospital",3231,1449,636,229,5545
"2024-09-26","Adult","Cork University Maternity Hospital",2236,85,2,2,2325
"2024-09-26","Adult","Cork University Hospital",13724,6476,2913,4590,27703
"2024-09-26","Adult","Coombe Women and Infants University Hospital",1698,708,129,7,2541
"2024-09-26","Adult","Connolly Hospital Blanchardstown",5670,404,150,0,6224
"2024-09-26","Adult","Cavan General Hospital",4625,1596,537,41,6799
"2024-09-26","Child","University Hospital Kerry",709,389,75,30,1203
"2024-09-26","Adult","Beaumont Hospital",26048,13246,2953,335,42582
"2024-09-26","Adult","Bantry General Hospital",642,100,10,2,754
"2024-09-26","Child","Tipperary University Hospital",276,36,11,0,323
"2024-09-26","Child","Wexford General Hospital",705,245,0,0,950
"2024-10-31","Adult","Tallaght University Hospital",15657,7723,4084,2335,29799
"2024-10-31","Child","Wexford General Hospital",679,234,0,0,913
"2024-10-31","Child","University Hospital Waterford",1992,1096,439,348,3875
"2024-10-31","Child","University Hospital Limerick",2533,1213,293,129,4168
"2024-10-31","Child","University Hospital Kerry",690,427,77,38,1232
"2024-10-31","Child","Tipperary University Hospital",285,42,9,0,336
"2024-10-31","Child","Tallaght University Hospital",8,5,0,0,13
"2024-10-31","Child","St. Luke's General Hospital Kilkenny",353,22,11,11,397
"2024-10-31","Child","South Infirmary Victoria University Hospital",1665,711,287,331,2994
"2024-10-31","Child","Sligo University Hospital",1181,199,68,90,1537
"2024-10-31","Child","Royal Victoria Eye and Ear Hospital",251,166,120,64,601
"2024-10-31","Child","Rotunda Hospital",21,0,0,0,21
"2024-10-31","Child","Roscommon University Hospital",121,72,18,13,224
"2024-10-31","Child","Portiuncula University Hospital",426,16,3,1,446
"2024-10-31","Child","Our Lady's Hospital Navan",3,1,0,0,4
"2024-10-31","Child","Our Lady of Lourdes Hospital Drogheda",1885,1194,393,4,3475
"2024-10-31","Child","Nenagh Hospital",7,4,2,0,13
"2024-10-31","Child","National Orthopaedic Hospital Cappagh",136,43,13,15,207
"2024-10-31","Child","National Maternity Hospital (Holles Street)",37,6,1,0,44
"2024-10-31","Child","Naas General Hospital",3,0,0,0,3
"2024-10-31","Child","Midland Regional Hospital Tullamore",929,436,3,0,1368
"2024-10-31","Child","Midland Regional Hospital Portlaoise",813,464,175,39,1491
"2024-10-31","Child","Midland Regional Hospital Mullingar",766,306,79,12,1163
"2024-10-31","Child","Mayo University Hospital",619,86,23,47,776
"2024-10-31","Child","Mallow General Hospital",131,165,127,120,542
"2024-10-31","Child","Letterkenny University Hospital",1019,357,184,88,1648
"2024-10-31","Child","Galway University Hospitals",2851,788,468,709,4817
"2024-10-31","Child","Ennis Hospital",21,19,4,2,45
"2024-10-31","Child","Croom Orthopaedic Hospital",195,22,3,2,222
"2024-10-31","Child","Cork University Maternity Hospital",70,0,0,0,70
"2024-10-31","Child","Cork University Hospital",3250,1584,492,440,5766
"2024-10-31","Child","Coombe Women and Infants University Hospital",26,13,7,0,46
"2024-10-31","Child","Children's Health Ireland",18802,10130,5642,4535,39109
"2024-10-31","Child","Cavan General Hospital",573,147,33,2,756
"2024-10-31","Child","Beaumont Hospital",40,13,0,0,53
"2024-10-31","Adult","Wexford General Hospital",2994,546,87,49,3677
"2024-10-31","Adult","University Hospital Waterford",20433,9659,5236,4768,40097
"2024-10-31","Adult","University Hospital Limerick",15115,4266,1741,783,21906
"2024-10-31","Adult","University Hospital Kerry",6195,2622,746,369,9933
"2024-10-31","Adult","Tipperary University Hospital",2462,657,292,39,3450
"2024-10-31","Adult","St. Vincent's University Hospital",18739,7747,3488,1496,31469
"2024-10-31","Adult","St. Michael's Hospital",2682,1028,560,342,4612
"2024-10-31","Adult","St. Luke's General Hospital Kilkenny",3590,1291,918,578,6378
"2024-10-31","Adult","St. John's Hospital Limerick",343,161,53,12,568
"2024-10-31","Adult","St. James's Hospital",16972,4624,1266,842,23704
"2024-10-31","Adult","St. Columcille's Hospital",2427,1440,1154,4476,9497
"2024-10-31","Adult","South Infirmary Victoria University Hospital",14203,6865,3112,3989,28168
"2024-10-31","Adult","Sligo University Hospital",6990,2057,1009,1113,11170
"2024-10-31","Adult","Royal Victoria Eye and Ear Hospital",5940,2767,1584,1295,11586
"2024-10-31","Adult","Rotunda Hospital",3884,700,3,0,4587
"2024-10-31","Adult","Roscommon University Hospital",2384,474,111,70,3040
"2024-10-31","Adult","Portiuncula University Hospital",2078,415,87,17,2596
"2024-10-31","Adult","Our Lady's Hospital Navan",3836,1479,418,16,5749
"2024-10-31","Adult","Our Lady of Lourdes Hospital Drogheda",9304,3680,977,74,14034
"2024-10-31","Adult","Nenagh Hospital",381,253,223,117,974
"2024-10-31","Adult","National Orthopaedic Hospital Cappagh",2339,1338,606,209,4492
"2024-10-31","Adult","National Maternity Hospital (Holles Street)",2248,663,115,1,3027
"2024-10-31","Adult","Naas General Hospital",6611,2684,725,89,10110
"2024-10-31","Adult","Midland Regional Hospital Tullamore",9143,1586,95,0,10825
"2024-10-31","Adult","Midland Regional Hospital Portlaoise",2778,665,327,263,4033
"2024-10-31","Adult","Midland Regional Hospital Mullingar",4851,1550,632,879,7911
"2024-10-31","Adult","Mercy University Hospital",3205,1338,364,536,5444
"2024-10-31","Adult","Mayo University Hospital",4007,949,207,286,5448
"2024-10-31","Adult","Mater Misericordiae University Hospital",23889,6600,2922,4494,37905
"2024-10-31","Adult","Mallow General Hospital",2333,1044,337,247,3961
"2024-10-31","Adult","Louth County Hospital",1482,406,13,16,1918
"2024-10-31","Adult","Letterkenny University Hospital",9482,2483,782,920,13667
"2024-10-31","Adult","Galway University Hospitals",23048,7720,3543,5277,39588
"2024-10-31","Adult","Ennis Hospital",495,304,257,124,1181
"2024-10-31","Adult","Croom Orthopaedic Hospital",3238,1544,609,312,5703
"2024-10-31","Adult","Cork University Maternity Hospital",2302,119,4,0,2425
"2024-10-31","Adult","Cork University Hospital",13281,6342,2595,4660,26878
"2024-10-31","Adult","Coombe Women and Infants University Hospital",1738,733,111,7,2588
"2024-10-31","Adult","Connolly Hospital Blanchardstown",6058,402,52,0,6513
"2024-10-31","Adult","Cavan General Hospital",4633,1419,430,35,6517
"2024-10-31","Adult","Beaumont Hospital",25722,13259,2997,341,42318
"2024-10-31","Adult","Bantry General Hospital",621,99,2,0,723
"2024-11-28","Adult","Connolly Hospital Blanchardstown",5943,368,5,0,6316
"2024-11-28","Adult","Coombe Women and Infants University Hospital",1698,564,87,10,2358
"2024-11-28","Adult","Cork University Hospital",12385,4259,1262,2615,20521
"2024-11-28","Adult","Cork University Maternity Hospital",2031,108,0,0,2139
"2024-11-28","Adult","Croom Orthopaedic Hospital",3194,1538,510,312,5554
"2024-11-28","Adult","Ennis Hospital",473,305,197,6,980
"2024-11-28","Adult","Galway University Hospitals",22668,7768,3435,4732,38602
"2024-11-28","Adult","Letterkenny University Hospital",9163,2246,746,662,12817
"2024-11-28","Adult","Louth County Hospital",1445,451,11,0,1906
"2024-11-28","Adult","Mallow General Hospital",2376,1026,357,286,4044
"2024-11-28","Adult","Mater Misericordiae University Hospital",23980,6533,2773,4439,37725
"2024-11-28","Adult","Mayo University Hospital",3914,896,204,258,5271
"2024-11-28","Adult","Mercy University Hospital",3181,1301,318,426,5226
"2024-11-28","Adult","Midland Regional Hospital Mullingar",4616,1539,592,762,7509
"2024-11-28","Adult","Midland Regional Hospital Portlaoise",2662,581,288,165,3697
"2024-11-28","Adult","Midland Regional Hospital Tullamore",8997,1512,54,0,10563
"2024-11-28","Adult","Naas General Hospital",6260,2246,573,103,9183
"2024-11-28","Adult","National Maternity Hospital (Holles Street)",2127,676,107,0,2910
"2024-11-28","Adult","National Orthopaedic Hospital Cappagh",2292,1074,499,215,4079
"2024-11-28","Adult","Nenagh Hospital",338,257,175,11,781
"2024-11-28","Adult","Our Lady of Lourdes Hospital Drogheda",9474,3648,1041,86,14250
"2024-11-28","Adult","Our Lady's Hospital Navan",3782,1282,213,8,5286
"2024-11-28","Adult","Portiuncula University Hospital",2129,434,85,7,2654
"2024-11-28","Adult","Roscommon University Hospital",2426,487,140,58,3110
"2024-11-28","Adult","Rotunda Hospital",3878,656,4,0,4538
"2024-11-28","Adult","Royal Victoria Eye and Ear Hospital",5778,2752,1520,1247,11297
"2024-11-28","Adult","Sligo University Hospital",6661,2006,948,1027,10642
"2024-11-28","Adult","South Infirmary Victoria University Hospital",14753,8456,4280,5639,33128
"2024-11-28","Adult","St. Columcille's Hospital",2207,1440,1100,4588,9334
"2024-11-28","Adult","St. James's Hospital",16785,4557,1212,886,23440
"2024-11-28","Adult","St. John's Hospital Limerick",324,136,41,5,506
"2024-11-28","Adult","St. Luke's General Hospital Kilkenny",3607,1233,817,616,6274
"2024-11-28","Adult","St. Michael's Hospital",2680,1017,591,333,4622
"2024-11-28","Adult","St. Vincent's University Hospital",19009,7656,3202,1525,31391
"2024-11-28","Adult","Tallaght University Hospital",15966,7635,3893,1895,29389
"2024-11-28","Adult","Tipperary University Hospital",2417,682,323,32,3454
"2024-11-28","Adult","University Hospital Kerry",6142,2652,631,377,9802
"2024-11-28","Adult","University Hospital Limerick",14747,4371,1635,897,21650
"2024-11-28","Adult","University Hospital Waterford",20578,9652,4900,4790,39919
"2024-11-28","Adult","Wexford General Hospital",3123,535,60,5,3724
"2024-11-28","Child","Beaumont Hospital",42,8,0,0,50
"2024-11-28","Child","Cavan General Hospital",595,151,15,0,762
"2024-11-28","Child","Children's Health Ireland",18332,9895,5092,4006,37325
"2024-11-28","Child","Coombe Women and Infants University Hospital",28,8,4,0,39
"2024-11-28","Child","Cork University Hospital",3008,1314,254,131,4707
"2024-11-28","Child","Cork University Maternity Hospital",69,0,0,0,69
"2024-11-28","Child","Croom Orthopaedic Hospital",192,23,3,2,220
"2024-11-28","Child","Ennis Hospital",29,18,8,0,55
"2024-11-28","Child","Galway University Hospitals",2753,804,477,708,4742
"2024-11-28","Child","Letterkenny University Hospital",1001,353,171,85,1610
"2024-11-28","Child","Mallow General Hospital",137,167,110,143,556
"2024-11-28","Child","Mayo University Hospital",635,102,19,50,806
"2024-11-28","Child","Mercy University Hospital",1,0,0,0,1
"2024-11-28","Child","Midland Regional Hospital Mullingar",725,279,88,7,1098
"2024-11-28","Child","Midland Regional Hospital Portlaoise",794,479,182,36,1490
"2024-11-28","Child","University Hospital Waterford",1863,1079,403,354,3698
"2024-11-28","Child","Midland Regional Hospital Tullamore",824,481,0,0,1305
"2024-11-28","Adult","Bantry General Hospital",535,105,0,0,640
"2024-11-28","Child","Naas General Hospital",3,0,0,0,3
"2024-11-28","Child","National Maternity Hospital (Holles Street)",31,5,3,0,38
"2024-11-28","Child","National Orthopaedic Hospital Cappagh",101,46,16,17,180
"2024-11-28","Child","Nenagh Hospital",12,3,2,0,17
"2024-11-28","Child","Our Lady of Lourdes Hospital Drogheda",1955,1205,412,7,3579
"2024-11-28","Child","Our Lady's Hospital Navan",4,0,0,0,4
"2024-11-28","Child","Portiuncula University Hospital",405,19,3,0,427
"2024-11-28","Child","Roscommon University Hospital",120,89,15,12,235
"2024-11-28","Child","Rotunda Hospital",15,0,0,0,15
"2024-11-28","Child","Royal Victoria Eye and Ear Hospital",211,173,111,73,568
"2024-11-28","Child","Sligo University Hospital",1094,201,70,96,1462
"2024-11-28","Child","South Infirmary Victoria University Hospital",1609,1001,442,617,3669
"2024-11-28","Child","St. Luke's General Hospital Kilkenny",358,19,10,5,392
"2024-11-28","Child","Tallaght University Hospital",6,3,1,0,10
"2024-11-28","Child","Tipperary University Hospital",292,40,10,0,342
"2024-11-28","Child","University Hospital Kerry",682,453,79,44,1258
"2024-11-28","Child","University Hospital Limerick",2610,1170,304,149,4232
"2024-11-28","Adult","Beaumont Hospital",26009,10611,2329,288,39236
"2024-11-28","Child","Wexford General Hospital",688,239,0,0,927
"2024-11-28","Adult","Cavan General Hospital",4550,1148,317,30,6045
"2024-12-19","Child","Midland Regional Hospital Tullamore",685,510,0,0,1195
"2024-12-19","Adult","Bantry General Hospital",569,101,0,0,670
"2024-12-19","Adult","Beaumont Hospital",26097,10799,1422,272,38590
"2024-12-19","Adult","Cavan General Hospital",4355,1082,274,18,5729
"2024-12-19","Adult","Connolly Hospital Blanchardstown",5822,372,0,0,6194
"2024-12-19","Adult","Coombe Women and Infants University Hospital",1952,560,74,9,2595
"2024-12-19","Adult","Cork University Hospital",11922,4066,1129,2392,19508
"2024-12-19","Adult","Cork University Maternity Hospital",1667,115,1,0,1783
"2024-12-19","Adult","Croom Orthopaedic Hospital",3186,1603,518,300,5607
"2024-12-19","Adult","Ennis Hospital",478,308,215,16,1017
"2024-12-19","Adult","Galway University Hospitals",20847,7354,3196,4161,35557
"2024-12-19","Adult","Letterkenny University Hospital",8896,2128,704,467,12195
"2024-12-19","Adult","Louth County Hospital",1420,472,6,0,1898
"2024-12-19","Adult","Mallow General Hospital",2349,987,351,291,3978
"2024-12-19","Adult","Mater Misericordiae University Hospital",23536,6497,2732,4303,37067
"2024-12-19","Adult","Mayo University Hospital",3987,901,185,239,5312
"2024-12-19","Adult","Mercy University Hospital",3071,1253,333,362,5019
"2024-12-19","Adult","Midland Regional Hospital Mullingar",4337,1518,573,811,7239
"2024-12-19","Adult","Midland Regional Hospital Portlaoise",2828,617,268,174,3887
"2024-12-19","Adult","Midland Regional Hospital Tullamore",8385,1377,24,0,9786
"2024-12-19","Adult","Naas General Hospital",6207,1989,515,79,8789
"2024-12-19","Adult","National Maternity Hospital (Holles Street)",2122,585,81,0,2788
"2024-12-19","Adult","National Orthopaedic Hospital Cappagh",2265,994,466,213,3938
"2024-12-19","Adult","Nenagh Hospital",351,254,190,28,822
"2024-12-19","Adult","Our Lady of Lourdes Hospital Drogheda",9149,3844,1059,118,14170
"2024-12-19","Adult","Our Lady's Hospital Navan",3811,1301,185,1,5298
"2024-12-19","Adult","Portiuncula University Hospital",2116,436,59,0,2611
"2024-12-19","Adult","Roscommon University Hospital",2365,489,141,70,3065
"2024-12-19","Adult","Rotunda Hospital",3862,649,3,0,4514
"2024-12-19","Adult","Royal Victoria Eye and Ear Hospital",5875,2784,1475,1230,11364
"2024-12-19","Adult","Sligo University Hospital",6463,1859,917,1005,10244
"2024-12-19","Adult","South Infirmary Victoria University Hospital",14363,8148,3966,5166,31642
"2024-12-19","Adult","St. Columcille's Hospital",2134,1436,1063,4591,9223
"2024-12-19","Adult","St. James's Hospital",16143,4384,1125,870,22521
"2024-12-19","Adult","St. John's Hospital Limerick",327,134,16,5,482
"2024-12-19","Adult","St. Luke's General Hospital Kilkenny",3574,1228,757,573,6131
"2024-12-19","Adult","St. Michael's Hospital",2629,1057,607,340,4634
"2024-12-19","Adult","St. Vincent's University Hospital",18678,7677,3224,1640,31219
"2024-12-19","Adult","Tallaght University Hospital",15809,7797,3586,1496,28688
"2024-12-19","Adult","Tipperary University Hospital",2400,707,328,34,3469
"2024-12-19","Adult","University Hospital Kerry",5984,2584,474,386,9429
"2024-12-19","Adult","University Hospital Limerick",14674,4359,1624,741,21397
"2024-12-19","Adult","University Hospital Waterford",20691,9441,4790,4713,39635
"2024-12-19","Adult","Wexford General Hospital",3139,553,28,0,3719
"2024-12-19","Child","Beaumont Hospital",45,6,2,0,53
"2024-12-19","Child","Cavan General Hospital",488,172,3,3,665
"2024-12-19","Child","Children's Health Ireland",18313,9612,4647,3449,36021
"2024-12-19","Child","Coombe Women and Infants University Hospital",26,8,0,0,34
"2024-12-19","Child","Cork University Hospital",2921,1187,169,121,4398
"2024-12-19","Child","Cork University Maternity Hospital",56,0,0,0,56
"2024-12-19","Child","Croom Orthopaedic Hospital",196,24,3,3,225
"2024-12-19","Child","Ennis Hospital",33,18,8,0,58
"2024-12-19","Child","Galway University Hospitals",2683,696,453,678,4510
"2024-12-19","Child","Letterkenny University Hospital",991,333,165,71,1560
"2024-12-19","Child","Mallow General Hospital",116,150,124,154,545
"2024-12-19","Child","Mayo University Hospital",664,109,19,31,824
"2024-12-19","Child","Mercy University Hospital",1,0,0,0,1
"2024-12-19","Child","Midland Regional Hospital Mullingar",693,289,73,2,1057
"2024-12-19","Child","Midland Regional Hospital Portlaoise",896,488,190,38,1612
"2024-12-19","Child","Naas General Hospital",3,0,0,0,3
"2024-12-19","Child","National Maternity Hospital (Holles Street)",33,2,2,0,37
"2024-12-19","Child","National Orthopaedic Hospital Cappagh",119,44,18,12,193
"2024-12-19","Child","Nenagh Hospital",17,2,1,0,20
"2024-12-19","Child","Our Lady of Lourdes Hospital Drogheda",1879,1241,447,2,3569
"2024-12-19","Child","Our Lady's Hospital Navan",4,0,0,0,4
"2024-12-19","Child","Portiuncula University Hospital",434,18,3,0,455
"2024-12-19","Child","Roscommon University Hospital",154,77,25,11,267
"2024-12-19","Child","Rotunda Hospital",16,0,0,0,16
"2024-12-19","Child","Royal Victoria Eye and Ear Hospital",207,174,112,75,568
"2024-12-19","Child","Sligo University Hospital",1012,217,73,102,1404
"2024-12-19","Child","South Infirmary Victoria University Hospital",1597,947,449,563,3556
"2024-12-19","Child","St. Luke's General Hospital Kilkenny",358,21,4,6,389
"2024-12-19","Child","Tallaght University Hospital",12,2,1,0,15
"2024-12-19","Child","Tipperary University Hospital",308,42,13,0,363
"2024-12-19","Child","University Hospital Kerry",666,455,84,52,1257
"2024-12-19","Child","University Hospital Limerick",2610,1183,308,169,4270
"2024-12-19","Child","University Hospital Waterford",1859,1028,398,340,3625
"2025-01-30","Child","Roscommon University Hospital",97,80,29,8,214
"2025-01-30","Child","Wexford General Hospital",653,324,0,0,977
"2025-01-30","Child","University Hospital Waterford",1855,1058,430,298,3640
"2025-01-30","Child","University Hospital Limerick",2530,1132,334,195,4191
"2025-01-30","Child","University Hospital Kerry",704,479,99,6,1288
"2025-01-30","Child","Tipperary University Hospital",322,52,9,2,383
"2025-01-30","Child","Tallaght University Hospital",6,2,1,0,9
"2025-01-30","Child","St. Luke's General Hospital Kilkenny",375,14,4,8,401
"2025-01-30","Child","South Infirmary Victoria University Hospital",1575,952,442,511,3480
"2025-01-30","Child","Sligo University Hospital",1037,253,73,110,1473
"2025-01-30","Child","Royal Victoria Eye and Ear Hospital",204,166,105,78,553
"2025-01-30","Child","Rotunda Hospital",9,2,0,0,11
"2025-01-30","Child","Portiuncula University Hospital",435,12,0,0,447
"2025-01-30","Child","Our Lady's Hospital Navan",4,0,0,0,4
"2025-01-30","Child","Our Lady of Lourdes Hospital Drogheda",1778,1196,544,2,3520
"2025-01-30","Child","Nenagh Hospital",15,1,3,0,19
"2025-01-30","Child","National Orthopaedic Hospital Cappagh",98,48,20,12,178
"2025-01-30","Child","National Maternity Hospital (Holles Street)",32,2,0,0,34
"2025-01-30","Child","Naas General Hospital",4,0,0,0,4
"2025-01-30","Child","Midland Regional Hospital Tullamore",725,515,1,0,1241
"2025-01-30","Child","Midland Regional Hospital Portlaoise",864,514,212,49,1640
"2025-01-30","Child","Midland Regional Hospital Mullingar",728,276,82,2,1087
"2025-01-30","Child","Mercy University Hospital",2,0,0,0,2
"2025-01-30","Child","Mayo University Hospital",680,143,20,33,876
"2025-01-30","Child","Mallow General Hospital",115,136,126,182,559
"2025-01-30","Child","Letterkenny University Hospital",980,362,172,98,1612
"2025-01-30","Child","Galway University Hospitals",2785,870,434,726,4816
"2025-01-30","Child","Ennis Hospital",53,13,3,0,69
"2025-01-30","Child","Croom Orthopaedic Hospital",186,23,5,3,216
"2025-01-30","Child","Cork University Maternity Hospital",47,0,0,0,47
"2025-01-30","Child","Cork University Hospital",2752,1222,219,138,4331
"2025-01-30","Child","Coombe Women and Infants University Hospital",21,8,0,0,29
"2025-01-30","Child","Children's Health Ireland",18285,10221,4514,3515,36535
"2025-01-30","Child","Cavan General Hospital",501,180,5,0,686
"2025-01-30","Child","Beaumont Hospital",48,12,0,0,60
"2025-01-30","Adult","Wexford General Hospital",2981,564,25,6,3576
"2025-01-30","Adult","University Hospital Waterford",20444,10524,4634,4751,40353
"2025-01-30","Adult","University Hospital Limerick",14216,4273,1509,782,20780
"2025-01-30","Adult","University Hospital Kerry",6129,2926,546,132,9732
"2025-01-30","Adult","Tipperary University Hospital",2352,813,323,43,3530
"2025-01-30","Adult","Tallaght University Hospital",15551,8485,3275,1361,28673
"2025-01-30","Adult","St. Vincent's University Hospital",17778,8303,3442,2003,31525
"2025-01-30","Adult","St. Michael's Hospital",2634,1221,580,442,4877
"2025-01-30","Adult","St. Luke's General Hospital Kilkenny",3446,1241,628,609,5925
"2025-01-30","Adult","St. John's Hospital Limerick",312,158,9,1,481
"2025-01-30","Adult","St. James's Hospital",16451,4806,1211,925,23393
"2025-01-30","Adult","St. Columcille's Hospital",1945,1551,990,4727,9213
"2025-01-30","Adult","South Infirmary Victoria University Hospital",13864,8386,3657,4545,30452
"2025-01-30","Adult","Sligo University Hospital",6687,2179,958,1040,10863
"2025-01-30","Adult","Royal Victoria Eye and Ear Hospital",5753,2957,1426,1270,11406
"2025-01-30","Adult","Rotunda Hospital",3700,886,2,0,4588
"2025-01-30","Adult","Roscommon University Hospital",2379,548,138,77,3143
"2025-01-30","Adult","Portiuncula University Hospital",2100,496,47,2,2645
"2025-01-30","Adult","Our Lady's Hospital Navan",3822,1471,163,15,5470
"2025-01-30","Adult","Our Lady of Lourdes Hospital Drogheda",8670,4286,1162,243,14361
"2025-01-30","Adult","Nenagh Hospital",339,231,180,62,811
"2025-01-30","Adult","National Orthopaedic Hospital Cappagh",2047,1129,436,230,3841
"2025-01-30","Adult","National Maternity Hospital (Holles Street)",2103,694,69,4,2870
"2025-01-30","Adult","Naas General Hospital",6450,2136,576,95,9258
"2025-01-30","Adult","Midland Regional Hospital Tullamore",9172,1853,32,0,11056
"2025-01-30","Adult","Midland Regional Hospital Portlaoise",2754,811,290,192,4046
"2025-01-30","Adult","Midland Regional Hospital Mullingar",4429,1704,626,800,7559
"2025-01-30","Adult","Mercy University Hospital",3066,1340,392,358,5157
"2025-01-30","Adult","Mayo University Hospital",3945,1192,211,244,5592
"2025-01-30","Adult","Mater Misericordiae University Hospital",23367,7372,2817,4350,37905
"2025-01-30","Adult","Mallow General Hospital",2327,1165,359,339,4190
"2025-01-30","Adult","Louth County Hospital",1498,570,2,0,2069
"2025-01-30","Adult","Letterkenny University Hospital",9277,2659,772,588,13295
"2025-01-30","Adult","Galway University Hospitals",22092,8166,3338,4534,38130
"2025-01-30","Adult","Ennis Hospital",439,295,183,38,955
"2025-01-30","Adult","Croom Orthopaedic Hospital",3103,1482,454,329,5368
"2025-01-30","Adult","Cork University Maternity Hospital",1697,161,2,0,1860
"2025-01-30","Adult","Cork University Hospital",11903,4423,1136,2397,19859
"2025-01-30","Adult","Coombe Women and Infants University Hospital",1821,617,103,8,2549
"2025-01-30","Adult","Connolly Hospital Blanchardstown",5543,609,1,0,6153
"2025-01-30","Adult","Cavan General Hospital",3976,1305,300,11,5592
"2025-01-30","Adult","Beaumont Hospital",25335,12493,2601,379,40807
"2025-01-30","Adult","Bantry General Hospital",593,116,0,0,709
"2025-02-27","Child","South Infirmary Victoria University Hospital",1647,910,487,538,3582
"2025-02-27","Child","Sligo University Hospital",1169,259,80,111,1619
"2025-02-27","Child","Royal Victoria Eye and Ear Hospital",213,169,108,78,568
"2025-02-27","Child","Rotunda Hospital",17,0,0,0,17
"2025-02-27","Child","Roscommon University Hospital",113,84,13,2,211
"2025-02-27","Child","Portiuncula University Hospital",449,13,0,0,462
"2025-02-27","Child","Our Lady's Hospital Navan",2,0,0,0,2
"2025-02-27","Child","Our Lady of Lourdes Hospital Drogheda",1922,1223,625,5,3774
"2025-02-27","Child","Nenagh Hospital",16,1,1,1,19
"2025-02-27","Child","National Orthopaedic Hospital Cappagh",114,54,16,13,197
"2025-02-27","Child","National Maternity Hospital (Holles Street)",33,0,0,0,33
"2025-02-27","Child","Naas General Hospital",5,0,0,0,5
"2025-02-27","Child","Midland Regional Hospital Tullamore",752,458,9,0,1218
"2025-02-27","Child","Midland Regional Hospital Portlaoise",864,517,270,53,1704
"2025-02-27","Child","Midland Regional Hospital Mullingar",764,265,69,1,1100
"2025-02-27","Child","Mercy University Hospital",2,0,0,0,2
"2025-02-27","Child","Mayo University Hospital",702,149,27,33,910
"2025-02-27","Child","Mallow General Hospital",120,115,130,190,555
"2025-02-27","Child","Letterkenny University Hospital",1046,299,193,81,1620
"2025-02-27","Child","Galway University Hospitals",2848,834,441,751,4874
"2025-02-27","Child","Ennis Hospital",47,18,3,0,68
"2025-02-27","Child","Croom Orthopaedic Hospital",200,19,4,2,224
"2025-02-27","Child","Cork University Maternity Hospital",45,0,0,0,45
"2025-02-27","Child","Cork University Hospital",2784,1130,285,141,4339
"2025-02-27","Child","Coombe Women and Infants University Hospital",29,2,0,0,31
"2025-02-27","Child","Children's Health Ireland",18256,9740,4620,3496,36113
"2025-02-27","Child","Cavan General Hospital",503,191,5,0,699
"2025-02-27","Child","Beaumont Hospital",44,12,0,0,56
"2025-02-27","Adult","Wexford General Hospital",3148,648,35,8,3838
"2025-02-27","Adult","University Hospital Waterford",20481,10475,4745,4841,40542
"2025-02-27","Adult","University Hospital Limerick",14634,4268,1651,799,21352
"2025-02-27","Adult","University Hospital Kerry",6187,2921,622,116,9847
"2025-02-27","Adult","Tipperary University Hospital",2363,827,350,61,3600
"2025-02-27","Adult","Tallaght University Hospital",14720,8227,3032,1278,27257
"2025-02-27","Adult","St. Vincent's University Hospital",17616,8214,3609,2127,31567
"2025-02-27","Adult","St. Michael's Hospital",2698,1181,562,411,4852
"2025-02-27","Adult","St. Luke's General Hospital Kilkenny",3637,1239,578,625,6079
"2025-02-27","Adult","St. John's Hospital Limerick",310,167,7,2,486
"2025-02-27","Adult","St. James's Hospital",16801,4895,1320,934,23950
"2025-02-27","Adult","St. Columcille's Hospital",2002,1474,987,4766,9229
"2025-02-27","Adult","South Infirmary Victoria University Hospital",13977,8193,3608,4645,30423
"2025-02-27","Adult","Sligo University Hospital",6835,2173,980,1062,11050
"2025-02-27","Adult","Royal Victoria Eye and Ear Hospital",6084,3022,1406,1238,11750
"2025-02-27","Adult","Rotunda Hospital",3812,887,3,0,4702
"2025-02-27","Adult","Roscommon University Hospital",2547,563,108,56,3274
"2025-02-27","Adult","Portiuncula University Hospital",2193,497,39,4,2733
"2025-02-27","Adult","Our Lady's Hospital Navan",3945,1546,211,13,5715
"2025-02-27","Adult","Our Lady of Lourdes Hospital Drogheda",8998,4513,1304,299,15114
"2025-02-27","Adult","Nenagh Hospital",359,245,199,70,873
"2025-02-27","Adult","National Orthopaedic Hospital Cappagh",1973,1015,474,228,3690
"2025-02-27","Adult","National Maternity Hospital (Holles Street)",2147,690,77,1,2915
"2025-02-27","Adult","Naas General Hospital",6560,2286,675,101,9621
"2025-02-27","Adult","Midland Regional Hospital Tullamore",9664,2015,42,0,11720
"2025-02-27","Adult","Midland Regional Hospital Portlaoise",2699,928,296,197,4121
"2025-02-27","Adult","Midland Regional Hospital Mullingar",4656,1733,629,816,7834
"2025-02-27","Adult","Mercy University Hospital",3180,1321,478,334,5314
"2025-02-27","Adult","Mayo University Hospital",3853,1221,259,222,5554
"2025-02-27","Child","University Hospital Kerry",712,455,116,7,1290
"2025-02-27","Adult","Mater Misericordiae University Hospital",23849,7232,2917,4255,38254
"2025-02-27","Adult","Mallow General Hospital",2386,1208,348,370,4312
"2025-02-27","Adult","Louth County Hospital",1683,652,19,8,2361
"2025-02-27","Adult","Letterkenny University Hospital",9021,2558,784,485,12849
"2025-02-27","Adult","Galway University Hospitals",22389,8394,3612,4959,39354
"2025-02-27","Adult","Ennis Hospital",434,316,190,45,985
"2025-02-27","Adult","Croom Orthopaedic Hospital",3206,1477,479,365,5527
"2025-02-27","Adult","Cork University Maternity Hospital",1720,181,3,0,1904
"2025-02-27","Adult","Cork University Hospital",12249,4450,1272,1939,19910
"2025-02-27","Adult","Coombe Women and Infants University Hospital",1877,610,136,8,2631
"2025-02-27","Adult","Connolly Hospital Blanchardstown",5849,647,42,0,6538
"2025-02-27","Adult","Cavan General Hospital",4044,1411,265,82,5801
"2025-02-27","Adult","Beaumont Hospital",23880,12902,3200,456,40437
"2025-02-27","Adult","Bantry General Hospital",659,101,10,2,772
"2025-02-27","Child","Tipperary University Hospital",332,46,15,1,395
"2025-02-27","Child","Tallaght University Hospital",6,1,3,0,10
"2025-02-27","Child","Wexford General Hospital",682,307,0,0,989
"2025-02-27","Child","University Hospital Waterford",1842,1041,489,321,3693
"2025-02-27","Child","University Hospital Limerick",2474,1135,383,205,4197
"2025-02-27","Child","St. Luke's General Hospital Kilkenny",430,14,4,10,458
"2025-03-27","Adult","Midland Regional Hospital Mullingar",4788,1694,634,824,7940
"2025-03-27","Child","Wexford General Hospital",703,292,0,0,995
"2025-03-27","Child","University Hospital Waterford",1877,1008,506,321,3712
"2025-03-27","Child","University Hospital Limerick",2455,1152,440,218,4265
"2025-03-27","Child","University Hospital Kerry",690,450,123,9,1272
"2025-03-27","Child","Tipperary University Hospital",338,38,21,2,399
"2025-03-27","Child","Tallaght University Hospital",6,1,1,0,8
"2025-03-27","Child","St. Luke's General Hospital Kilkenny",407,23,6,10,445
"2025-03-27","Child","South Infirmary Victoria University Hospital",1715,866,480,507,3568
"2025-03-27","Child","Sligo University Hospital",1143,237,78,124,1582
"2025-03-27","Child","Royal Victoria Eye and Ear Hospital",223,148,115,89,575
"2025-03-27","Child","Rotunda Hospital",14,0,0,0,14
"2025-03-27","Child","Roscommon University Hospital",119,67,13,2,201
"2025-03-27","Child","Portiuncula University Hospital",499,22,0,0,521
"2025-03-27","Child","Our Lady of Lourdes Hospital Drogheda",1990,1265,628,45,3927
"2025-03-27","Child","Nenagh Hospital",16,3,0,1,20
"2025-03-27","Child","National Orthopaedic Hospital Cappagh",114,46,18,11,189
"2025-03-27","Child","National Maternity Hospital (Holles Street)",25,0,0,0,25
"2025-03-27","Child","Naas General Hospital",7,0,0,0,7
"2025-03-27","Child","Midland Regional Hospital Tullamore",760,436,28,0,1224
"2025-03-27","Child","Midland Regional Hospital Portlaoise",896,507,304,68,1775
"2025-03-27","Child","Midland Regional Hospital Mullingar",819,259,75,2,1155
"2025-03-27","Child","Mercy University Hospital",3,0,0,0,3
"2025-03-27","Child","Mayo University Hospital",747,159,30,34,970
"2025-03-27","Child","Mallow General Hospital",115,83,139,198,535
"2025-03-27","Child","Letterkenny University Hospital",1114,270,205,70,1659
"2025-03-27","Child","Galway University Hospitals",2906,836,413,795,4950
"2025-03-27","Child","Ennis Hospital",40,21,5,0,66
"2025-03-27","Child","Croom Orthopaedic Hospital",193,16,4,2,216
"2025-03-27","Child","Cork University Maternity Hospital",36,0,0,0,36
"2025-03-27","Child","Cork University Hospital",2912,1127,334,149,4522
"2025-03-27","Child","Coombe Women and Infants University Hospital",26,3,0,0,28
"2025-03-27","Child","Children's Health Ireland",18585,9230,4344,3521,35680
"2025-03-27","Child","Cavan General Hospital",521,202,6,0,729
"2025-03-27","Child","Beaumont Hospital",39,12,0,0,51
"2025-03-27","Adult","Wexford General Hospital",3376,658,37,22,4092
"2025-03-27","Adult","University Hospital Waterford",20244,10688,4675,4840,40448
"2025-03-27","Adult","University Hospital Limerick",14955,4280,1719,903,21858
"2025-03-27","Adult","University Hospital Kerry",6036,2883,626,132,9676
"2025-03-27","Adult","Tipperary University Hospital",2345,895,366,77,3684
"2025-03-27","Adult","Tallaght University Hospital",14621,8364,2990,1153,27127
"2025-03-27","Adult","St. Vincent's University Hospital",17812,8079,3701,2103,31696
"2025-03-27","Adult","St. Michael's Hospital",2767,1112,561,362,4801
"2025-03-27","Adult","St. Luke's General Hospital Kilkenny",3598,1319,534,657,6107
"2025-03-27","Adult","St. John's Hospital Limerick",375,166,7,2,550
"2025-03-27","Adult","St. James's Hospital",16993,5017,1416,946,24371
"2025-03-27","Adult","St. Columcille's Hospital",1867,1375,994,4908,9143
"2025-03-27","Adult","South Infirmary Victoria University Hospital",14095,8090,3694,4579,30458
"2025-03-27","Adult","Sligo University Hospital",6800,2182,915,1118,11015
"2025-03-27","Adult","Royal Victoria Eye and Ear Hospital",6081,3073,1389,1206,11749
"2025-03-27","Adult","Rotunda Hospital",3828,968,2,0,4798
"2025-03-27","Adult","Roscommon University Hospital",2657,562,87,44,3350
"2025-03-27","Adult","Portiuncula University Hospital",2189,487,31,3,2710
"2025-03-27","Adult","Our Lady's Hospital Navan",3918,1627,266,4,5815
"2025-03-27","Adult","Our Lady of Lourdes Hospital Drogheda",9053,4618,1420,382,15473
"2025-03-27","Adult","Nenagh Hospital",356,256,192,107,910
"2025-03-27","Adult","National Orthopaedic Hospital Cappagh",1945,997,520,229,3692
"2025-03-27","Adult","National Maternity Hospital (Holles Street)",2196,759,84,0,3039
"2025-03-27","Adult","Naas General Hospital",6587,2312,676,98,9674
"2025-03-27","Adult","Midland Regional Hospital Tullamore",9835,2307,58,0,12200
"2025-03-27","Adult","Midland Regional Hospital Portlaoise",2796,960,398,208,4362
"2025-03-27","Adult","Mercy University Hospital",3084,1338,450,300,5172
"2025-03-27","Adult","Mayo University Hospital",4041,1293,290,232,5855
"2025-03-27","Adult","Mater Misericordiae University Hospital",24256,7546,3039,4225,39066
"2025-03-27","Adult","Mallow General Hospital",2335,1200,339,386,4259
"2025-03-27","Adult","Louth County Hospital",1615,707,40,0,2362
"2025-03-27","Adult","Letterkenny University Hospital",9213,2564,772,402,12951
"2025-03-27","Adult","Galway University Hospitals",23650,8688,3703,4849,40890
"2025-03-27","Adult","Ennis Hospital",439,345,208,57,1049
"2025-03-27","Adult","Croom Orthopaedic Hospital",3218,1583,504,385,5689
"2025-03-27","Adult","Cork University Maternity Hospital",1789,177,27,0,1993
"2025-03-27","Adult","Cork University Hospital",12362,4381,1409,1754,19907
"2025-03-27","Adult","Coombe Women and Infants University Hospital",1987,601,158,8,2754
"2025-03-27","Adult","Connolly Hospital Blanchardstown",6007,606,13,0,6625
"2025-03-27","Adult","Cavan General Hospital",4014,1474,277,87,5852
"2025-03-27","Adult","Beaumont Hospital",23471,13196,3275,564,40505
"2025-03-27","Adult","Bantry General Hospital",732,5,8,0,745
"2025-04-24","Adult","St. Vincent's University Hospital",18041,8017,3912,2264,32235
"2025-04-24","Child","University Hospital Kerry",684,416,106,2,1208
"2025-04-24","Child","Tipperary University Hospital",316,51,22,1,390
"2025-04-24","Child","Tallaght University Hospital",5,1,1,0,7
"2025-04-24","Child","St. Luke's General Hospital Kilkenny",411,21,11,11,453
"2025-04-24","Child","South Infirmary Victoria University Hospital",1737,874,462,524,3596
"2025-04-24","Child","Sligo University Hospital",1161,182,74,135,1552
"2025-04-24","Child","Royal Victoria Eye and Ear Hospital",265,162,122,86,635
"2025-04-24","Child","Rotunda Hospital",13,0,0,0,13
"2025-04-24","Child","Roscommon University Hospital",127,65,19,0,210
"2025-04-24","Child","Portiuncula University Hospital",537,16,0,0,553
"2025-04-24","Child","Our Lady of Lourdes Hospital Drogheda",1887,1184,601,86,3757
"2025-04-24","Child","Nenagh Hospital",19,3,0,2,24
"2025-04-24","Child","National Orthopaedic Hospital Cappagh",118,49,19,13,199
"2025-04-24","Child","National Maternity Hospital (Holles Street)",31,0,0,0,31
"2025-04-24","Child","Naas General Hospital",8,0,0,0,8
"2025-04-24","Child","Midland Regional Hospital Tullamore",783,436,23,0,1242
"2025-04-24","Child","Midland Regional Hospital Portlaoise",844,491,307,65,1707
"2025-04-24","Child","Midland Regional Hospital Mullingar",863,260,69,2,1193
"2025-04-24","Child","Mercy University Hospital",1,0,0,0,1
"2025-04-24","Child","Mayo University Hospital",748,178,26,38,990
"2025-04-24","Child","Mallow General Hospital",131,73,135,203,541
"2025-04-24","Child","Letterkenny University Hospital",1170,261,196,73,1700
"2025-04-24","Child","Galway University Hospitals",2853,814,369,712,4748
"2025-04-24","Child","Ennis Hospital",36,26,7,0,69
"2025-04-24","Child","Croom Orthopaedic Hospital",190,22,2,2,217
"2025-04-24","Child","Cork University Maternity Hospital",28,0,0,0,28
"2025-04-24","Child","Cork University Hospital",3033,1099,354,141,4627
"2025-04-24","Child","Coombe Women and Infants University Hospital",28,0,0,0,28
"2025-04-24","Child","Children's Health Ireland",18290,8966,4227,3408,34890
"2025-04-24","Child","Cavan General Hospital",496,207,23,0,726
"2025-04-24","Child","Beaumont Hospital",28,13,0,0,41
"2025-04-24","Adult","Wexford General Hospital",3481,649,51,23,4204
"2025-04-24","Adult","University Hospital Waterford",20579,10934,4599,5048,41160
"2025-04-24","Adult","University Hospital Limerick",14847,4214,1806,952,21819
"2025-04-24","Adult","University Hospital Kerry",6666,2727,725,117,10234
"2025-04-24","Adult","Tipperary University Hospital",2305,907,359,70,3640
"2025-04-24","Adult","Tallaght University Hospital",14097,8431,2876,1173,26578
"2025-04-24","Child","University Hospital Limerick",2461,1113,492,237,4303
"2025-04-24","Adult","St. Michael's Hospital",2815,1144,588,394,4941
"2025-04-24","Adult","St. Luke's General Hospital Kilkenny",3500,1271,505,817,6093
"2025-04-24","Adult","St. John's Hospital Limerick",365,156,6,1,528
"2025-04-24","Adult","St. James's Hospital",17261,5213,1567,961,25002
"2025-04-24","Adult","St. Columcille's Hospital",1918,1467,994,4926,9305
"2025-04-24","Adult","South Infirmary Victoria University Hospital",14355,7902,3850,4469,30577
"2025-04-24","Adult","Sligo University Hospital",6980,2172,920,1182,11255
"2025-04-24","Adult","Royal Victoria Eye and Ear Hospital",6268,3179,1298,1247,11992
"2025-04-24","Adult","Rotunda Hospital",3661,1040,1,0,4702
"2025-04-24","Adult","Roscommon University Hospital",2680,562,126,34,3401
"2025-04-24","Adult","Portiuncula University Hospital",2233,484,13,2,2732
"2025-04-24","Adult","Our Lady's Hospital Navan",3908,1671,307,23,5909
"2025-04-24","Adult","Our Lady of Lourdes Hospital Drogheda",8904,4689,1477,372,15441
"2025-04-24","Adult","Nenagh Hospital",384,266,186,128,964
"2025-04-24","Adult","National Orthopaedic Hospital Cappagh",1749,1046,517,246,3558
"2025-04-24","Adult","National Maternity Hospital (Holles Street)",2107,801,94,0,3002
"2025-04-24","Adult","Naas General Hospital",6609,2401,710,147,9866
"2025-04-24","Adult","Midland Regional Hospital Tullamore",10142,2844,82,0,13068
"2025-04-24","Adult","Midland Regional Hospital Portlaoise",2704,953,350,195,4203
"2025-04-24","Adult","Midland Regional Hospital Mullingar",4648,1729,681,858,7917
"2025-04-24","Adult","Mercy University Hospital",3202,1343,506,221,5271
"2025-04-24","Adult","Mayo University Hospital",3902,1400,296,241,5838
"2025-04-24","Adult","Mater Misericordiae University Hospital",24137,8069,3029,4147,39381
"2025-04-24","Adult","Mallow General Hospital",2319,1170,375,410,4274
"2025-04-24","Adult","Louth County Hospital",1778,678,53,10,2519
"2025-04-24","Adult","Letterkenny University Hospital",9365,2642,757,390,13154
"2025-04-24","Adult","Galway University Hospitals",22862,8482,3693,4860,39898
"2025-04-24","Adult","Ennis Hospital",421,344,219,72,1056
"2025-04-24","Adult","Croom Orthopaedic Hospital",3227,1626,573,400,5826
"2025-04-24","Adult","Cork University Maternity Hospital",1775,211,49,0,2035
"2025-04-24","Adult","Cork University Hospital",12317,4387,1495,1741,19941
"2025-04-24","Adult","Coombe Women and Infants University Hospital",1977,634,183,10,2804
"2025-04-24","Adult","Connolly Hospital Blanchardstown",6043,860,194,0,7097
"2025-04-24","Adult","Cavan General Hospital",4072,1495,305,104,5976
"2025-04-24","Adult","Beaumont Hospital",21522,13995,3853,650,40021
"2025-04-24","Adult","Bantry General Hospital",813,1,0,0,814
"2025-04-24","Child","Wexford General Hospital",745,277,0,0,1022
"2025-04-24","Child","University Hospital Waterford",1924,1005,506,338,3773
"2025-05-29","Child","University Hospital Limerick",2381,1080,489,237,4187
"2025-05-29","Child","University Hospital Kerry",723,347,129,2,1201
"2025-05-29","Child","Tipperary University Hospital",324,49,23,0,396
"2025-05-29","Child","Tallaght University Hospital",3,1,1,0,5
"2025-05-29","Child","St. Luke's General Hospital Kilkenny",409,15,9,12,445
"2025-05-29","Child","South Infirmary Victoria University Hospital",1778,799,480,482,3539
"2025-05-29","Child","Sligo University Hospital",1185,152,70,145,1552
"2025-05-29","Child","Royal Victoria Eye and Ear Hospital",293,139,133,92,657
"2025-05-29","Child","Rotunda Hospital",18,0,0,0,18
"2025-05-29","Child","Roscommon University Hospital",143,55,9,0,207
"2025-05-29","Child","Portiuncula University Hospital",561,15,0,0,575
"2025-05-29","Child","Our Lady of Lourdes Hospital Drogheda",1952,1191,661,141,3945
"2025-05-29","Child","Nenagh Hospital",19,1,0,1,22
"2025-05-29","Child","National Orthopaedic Hospital Cappagh",117,54,19,12,202
"2025-05-29","Child","National Maternity Hospital (Holles Street)",29,0,0,0,29
"2025-05-29","Child","Naas General Hospital",12,0,0,0,12
"2025-05-29","Child","Midland Regional Hospital Tullamore",803,414,15,0,1232
"2025-05-29","Child","Midland Regional Hospital Portlaoise",862,475,321,65,1722
"2025-05-29","Child","Midland Regional Hospital Mullingar",889,225,61,2,1177
"2025-05-29","Child","Mercy University Hospital",6,0,0,0,6
"2025-05-29","Child","Mayo University Hospital",783,192,41,38,1054
"2025-05-29","Child","Mallow General Hospital",156,64,126,187,533
"2025-05-29","Child","Letterkenny University Hospital",1235,238,191,68,1732
"2025-05-29","Child","Galway University Hospitals",2907,877,303,761,4848
"2025-05-29","Child","Ennis Hospital",17,35,10,2,64
"2025-05-29","Child","Croom Orthopaedic Hospital",190,20,2,2,213
"2025-05-29","Child","Cork University Maternity Hospital",42,0,0,0,42
"2025-05-29","Child","Cork University Hospital",3072,959,364,120,4514
"2025-05-29","Child","Coombe Women and Infants University Hospital",24,3,0,0,27
"2025-05-29","Child","Children's Health Ireland",18510,8365,4148,3303,34325
"2025-05-29","Child","Cavan General Hospital",496,203,50,2,751
"2025-05-29","Child","Beaumont Hospital",29,13,1,0,43
"2025-05-29","Adult","Wexford General Hospital",3674,731,35,8,4447
"2025-05-29","Adult","University Hospital Waterford",21295,11163,4734,5104,42296
"2025-05-29","Adult","University Hospital Limerick",15153,4481,1942,989,22565
"2025-05-29","Adult","University Hospital Kerry",6847,2393,722,41,10002
"2025-05-29","Adult","Tipperary University Hospital",2355,878,364,66,3664
"2025-05-29","Adult","Tallaght University Hospital",13686,8257,2616,1054,25612
"2025-05-29","Adult","St. Vincent's University Hospital",18293,7802,4097,2486,32678
"2025-05-29","Adult","St. Michael's Hospital",2906,1153,602,427,5087
"2025-05-29","Adult","St. Luke's General Hospital Kilkenny",3164,1093,401,657,5315
"2025-05-29","Adult","St. John's Hospital Limerick",322,161,2,0,485
"2025-05-29","Adult","St. James's Hospital",17442,5294,1675,962,25374
"2025-05-29","Adult","St. Columcille's Hospital",2160,1471,1020,4944,9595
"2025-05-29","Adult","South Infirmary Victoria University Hospital",14371,7529,4002,4459,30361
"2025-05-29","Adult","Sligo University Hospital",7370,2058,900,1215,11543
"2025-05-29","Adult","Royal Victoria Eye and Ear Hospital",6621,3257,1335,1074,12287
"2025-05-29","Adult","Rotunda Hospital",3394,1092,10,0,4496
"2025-05-29","Adult","Roscommon University Hospital",2786,557,127,15,3485
"2025-05-29","Adult","Portiuncula University Hospital",2210,507,30,2,2749
"2025-05-29","Adult","Our Lady's Hospital Navan",3954,1603,424,36,6018
"2025-05-29","Adult","Our Lady of Lourdes Hospital Drogheda",9136,4813,1705,461,16116
"2025-05-29","Adult","Nenagh Hospital",388,268,212,151,1019
"2025-05-29","Adult","National Orthopaedic Hospital Cappagh",1741,982,520,231,3474
"2025-05-29","Adult","National Maternity Hospital (Holles Street)",2087,729,125,1,2942
"2025-05-29","Adult","Naas General Hospital",6955,2599,750,162,10465
"2025-05-29","Adult","Midland Regional Hospital Tullamore",10374,2972,89,0,13435
"2025-05-29","Adult","Midland Regional Hospital Portlaoise",2635,817,235,187,3873
"2025-05-29","Adult","Midland Regional Hospital Mullingar",4846,1479,703,864,7893
"2025-05-29","Adult","Mercy University Hospital",3350,1268,522,251,5390
"2025-05-29","Adult","Mayo University Hospital",3790,1454,347,261,5852
"2025-05-29","Adult","Mater Misericordiae University Hospital",25030,8228,3131,3964,40353
"2025-05-29","Adult","Mallow General Hospital",2253,1169,360,452,4234
"2025-05-29","Adult","Louth County Hospital",1858,660,93,0,2610
"2025-05-29","Adult","Letterkenny University Hospital",9171,2635,748,338,12893
"2025-05-29","Adult","Galway University Hospitals",23044,7946,3971,4982,39943
"2025-05-29","Adult","Ennis Hospital",396,331,239,107,1073
"2025-05-29","Adult","Croom Orthopaedic Hospital",3240,1694,630,412,5976
"2025-05-29","Adult","Cork University Maternity Hospital",1943,230,60,0,2233
"2025-05-29","Adult","Cork University Hospital",12585,4155,1417,1297,19454
"2025-05-29","Adult","Coombe Women and Infants University Hospital",2144,742,176,2,3064
"2025-05-29","Adult","Connolly Hospital Blanchardstown",6126,966,69,2,7162
"2025-05-29","Adult","Cavan General Hospital",4276,1501,350,95,6222
"2025-05-29","Adult","Beaumont Hospital",21815,11643,4116,659,38233
"2025-05-29","Adult","Bantry General Hospital",771,2,0,0,773
"2025-05-29","Child","Wexford General Hospital",767,274,0,0,1041
"2025-05-29","Child","University Hospital Waterford",1985,1011,514,350,3860
"2025-06-26","Adult","National Maternity Hospital (Holles Street)",2197,773,147,0,3117
"2025-06-26","Adult","Bantry General Hospital",857,16,0,0,873
"2025-06-26","Adult","Beaumont Hospital",27392,11874,4949,890,45105
"2025-06-26","Adult","Cavan General Hospital",4205,1381,355,72,6013
"2025-06-26","Adult","Connolly Hospital Blanchardstown",6354,1207,66,0,7627
"2025-06-26","Adult","Coombe Women and Infants University Hospital",2220,815,174,5,3214
"2025-06-26","Adult","Cork University Hospital",12882,4210,1498,1120,19710
"2025-06-26","Adult","Cork University Maternity Hospital",1934,232,65,0,2231
"2025-06-26","Adult","Croom Orthopaedic Hospital",3322,1757,748,394,6221
"2025-06-26","Adult","Ennis Hospital",431,339,260,126,1155
"2025-06-26","Adult","Galway University Hospitals",23593,8222,4218,5057,41090
"2025-06-26","Adult","Letterkenny University Hospital",9543,2799,753,328,13423
"2025-06-26","Adult","Louth County Hospital",1674,647,134,0,2455
"2025-06-26","Adult","Mallow General Hospital",2320,1103,346,354,4122
"2025-06-26","Adult","Mater Misericordiae University Hospital",25231,8229,3255,3806,40521
"2025-06-26","Adult","Mayo University Hospital",4031,1420,381,245,6077
"2025-06-26","Adult","Mercy University Hospital",3405,1231,545,231,5413
"2025-06-26","Adult","Midland Regional Hospital Mullingar",4870,1476,708,866,7920
"2025-06-26","Adult","Midland Regional Hospital Portlaoise",2686,733,252,185,3856
"2025-06-26","Adult","Midland Regional Hospital Tullamore",10501,2934,135,0,13570
"2025-06-26","Adult","Naas General Hospital",7083,2605,781,147,10616
"2025-06-26","Adult","National Orthopaedic Hospital Cappagh",1635,901,529,245,3309
"2025-06-26","Adult","Nenagh Hospital",383,285,214,167,1049
"2025-06-26","Adult","Our Lady of Lourdes Hospital Drogheda",9213,4886,1974,504,16577
"2025-06-26","Adult","Our Lady's Hospital Navan",4083,1506,496,34,6120
"2025-06-26","Adult","Portiuncula University Hospital",2303,506,41,5,2854
"2025-06-26","Adult","Roscommon University Hospital",2925,599,137,12,3672
"2025-06-26","Adult","Rotunda Hospital",3567,982,20,0,4569
"2025-06-26","Adult","Royal Victoria Eye and Ear Hospital",6710,3231,1342,1054,12337
"2025-06-26","Adult","Sligo University Hospital",7437,1991,968,1261,11656
"2025-06-26","Adult","South Infirmary Victoria University Hospital",14598,7124,3990,4310,30022
"2025-06-26","Adult","St. Columcille's Hospital",2115,1389,1030,5104,9638
"2025-06-26","Adult","St. James's Hospital",17821,5380,1777,945,25923
"2025-06-26","Adult","St. John's Hospital Limerick",323,152,2,0,477
"2025-06-26","Adult","St. Luke's General Hospital Kilkenny",3139,1099,426,631,5295
"2025-06-26","Adult","St. Michael's Hospital",2938,1095,607,460,5100
"2025-06-26","Adult","St. Vincent's University Hospital",19197,7736,4135,2540,33608
"2025-06-26","Adult","Tallaght University Hospital",13398,8182,2552,1020,25153
"2025-06-26","Adult","Tipperary University Hospital",2327,888,374,63,3652
"2025-06-26","Adult","University Hospital Kerry",7087,2326,784,33,10230
"2025-06-26","Adult","University Hospital Limerick",15549,4606,2007,1063,23225
"2025-06-26","Adult","University Hospital Waterford",21974,11392,4793,5053,43211
"2025-06-26","Adult","Wexford General Hospital",3704,737,45,4,4490
"2025-06-26","Child","Beaumont Hospital",31,12,1,0,45
"2025-06-26","Child","Cavan General Hospital",475,209,53,3,740
"2025-06-26","Child","Children's Health Ireland",18396,8177,4118,3366,34057
"2025-06-26","Child","Coombe Women and Infants University Hospital",15,2,0,0,17
"2025-06-26","Child","Cork University Hospital",3166,895,321,135,4516
"2025-06-26","Child","Cork University Maternity Hospital",29,1,0,0,30
"2025-06-26","Child","Croom Orthopaedic Hospital",207,10,0,2,219
"2025-06-26","Child","Ennis Hospital",19,37,7,1,64
"2025-06-26","Child","Galway University Hospitals",2876,949,320,763,4907
"2025-06-26","Child","Letterkenny University Hospital",1218,240,187,57,1702
"2025-06-26","Child","Mallow General Hospital",169,51,108,184,510
"2025-06-26","Child","Mayo University Hospital",740,220,38,42,1039
"2025-06-26","Child","Mercy University Hospital",7,0,0,0,7
"2025-06-26","Child","Midland Regional Hospital Mullingar",859,216,67,4,1147
"2025-06-26","Child","Midland Regional Hospital Portlaoise",868,479,313,44,1704
"2025-06-26","Child","Midland Regional Hospital Tullamore",805,362,46,0,1213
"2025-06-26","Child","Naas General Hospital",11,0,0,0,11
"2025-06-26","Child","National Maternity Hospital (Holles Street)",31,0,0,0,31
"2025-06-26","Child","National Orthopaedic Hospital Cappagh",83,63,16,13,175
"2025-06-26","Child","Nenagh Hospital",19,2,0,2,23
"2025-06-26","Child","Our Lady of Lourdes Hospital Drogheda",1975,1148,697,186,4006
"2025-06-26","Child","Our Lady's Hospital Navan",2,0,0,0,2
"2025-06-26","Child","Portiuncula University Hospital",547,14,0,0,561
"2025-06-26","Child","Roscommon University Hospital",133,62,14,0,209
"2025-06-26","Child","Rotunda Hospital",15,0,0,0,15
"2025-06-26","Child","Royal Victoria Eye and Ear Hospital",307,141,133,99,680
"2025-06-26","Child","Sligo University Hospital",1211,137,76,153,1577
"2025-06-26","Child","South Infirmary Victoria University Hospital",1824,780,504,479,3587
"2025-06-26","Child","St. Luke's General Hospital Kilkenny",394,18,7,12,431
"2025-06-26","Child","Tallaght University Hospital",2,2,1,0,5
"2025-06-26","Child","Tipperary University Hospital",326,62,25,0,413
"2025-06-26","Child","University Hospital Kerry",714,332,129,2,1177
"2025-06-26","Child","University Hospital Limerick",2402,1053,459,237,4151
"2025-06-26","Child","University Hospital Waterford",1964,1042,501,371,3878
"2025-06-26","Child","Wexford General Hospital",749,294,2,0,1045
"2025-07-31","Child","Wexford General Hospital",732,290,4,0,1026
"2025-07-31","Child","University Hospital Waterford",2074,979,489,357,3899
"2025-07-31","Child","University Hospital Limerick",2545,932,436,238,4150
"2025-07-31","Child","University Hospital Kerry",704,320,126,6,1157
"2025-07-31","Child","Tipperary University Hospital",339,66,26,0,431
"2025-07-31","Child","Tallaght University Hospital",3,2,1,0,6
"2025-07-31","Child","St. Luke's General Hospital Kilkenny",349,18,9,14,390
"2025-07-31","Child","South Infirmary Victoria University Hospital",1772,727,456,443,3398
"2025-07-31","Child","Sligo University Hospital",1194,144,76,161,1575
"2025-07-31","Child","Royal Victoria Eye and Ear Hospital",297,131,102,93,623
"2025-07-31","Child","Rotunda Hospital",19,0,0,0,19
"2025-07-31","Child","Roscommon University Hospital",138,61,24,0,224
"2025-07-31","Child","Portiuncula University Hospital",547,19,0,0,566
"2025-07-31","Child","Our Lady's Hospital Navan",3,0,0,0,3
"2025-07-31","Child","Our Lady of Lourdes Hospital Drogheda",1816,1070,693,222,3801
"2025-07-31","Child","Nenagh Hospital",24,2,0,1,27
"2025-07-31","Child","National Orthopaedic Hospital Cappagh",114,51,18,13,196
"2025-07-31","Child","National Maternity Hospital (Holles Street)",27,0,0,0,27
"2025-07-31","Child","Naas General Hospital",8,2,0,0,10
"2025-07-31","Child","Midland Regional Hospital Tullamore",790,344,57,0,1191
"2025-07-31","Child","Midland Regional Hospital Portlaoise",933,471,287,41,1733
"2025-07-31","Child","Midland Regional Hospital Mullingar",837,203,74,3,1117
"2025-07-31","Child","Mercy University Hospital",10,1,0,0,11
"2025-07-31","Child","Mayo University Hospital",740,203,47,43,1033
"2025-07-31","Child","Mallow General Hospital",180,46,98,134,457
"2025-07-31","Child","Letterkenny University Hospital",1194,228,192,60,1674
"2025-07-31","Child","Galway University Hospitals",3065,935,318,746,5064
"2025-07-31","Child","Ennis Hospital",18,35,6,1,61
"2025-07-31","Child","Croom Orthopaedic Hospital",204,10,0,3,217
"2025-07-31","Child","Cork University Maternity Hospital",25,1,0,0,26
"2025-07-31","Child","Cork University Hospital",3199,847,295,133,4474
"2025-07-31","Child","Coombe Women and Infants University Hospital",13,2,0,0,15
"2025-07-31","Child","Children's Health Ireland",18841,7491,4135,3298,33765
"2025-07-31","Child","Cavan General Hospital",475,201,62,0,738
"2025-07-31","Child","Beaumont Hospital",35,10,4,0,50
"2025-07-31","Adult","Wexford General Hospital",3917,729,80,4,4730
"2025-07-31","Adult","University Hospital Waterford",22951,10998,5170,4803,43922
"2025-07-31","Adult","University Hospital Limerick",16325,4532,2285,1057,24199
"2025-07-31","Adult","University Hospital Kerry",7976,2172,828,39,11015
"2025-07-31","Adult","Tipperary University Hospital",2507,785,409,59,3760
"2025-07-31","Adult","Tallaght University Hospital",14009,7529,2636,952,25126
"2025-07-31","Adult","St. Vincent's University Hospital",19502,7213,4425,2472,33612
"2025-07-31","Adult","St. Michael's Hospital",3106,1029,735,347,5217
"2025-07-31","Adult","St. Luke's General Hospital Kilkenny",3261,1059,459,535,5314
"2025-07-31","Adult","St. John's Hospital Limerick",336,152,1,1,491
"2025-07-31","Adult","St. James's Hospital",18165,4972,1840,955,25933
"2025-07-31","Adult","St. Columcille's Hospital",2206,1274,1121,5097,9697
"2025-07-31","Adult","South Infirmary Victoria University Hospital",14853,6777,3958,4192,29780
"2025-07-31","Adult","Sligo University Hospital",8031,1850,1155,1299,12335
"2025-07-31","Adult","Royal Victoria Eye and Ear Hospital",6743,2819,1303,950,11815
"2025-07-31","Adult","Rotunda Hospital",3793,1002,31,1,4827
"2025-07-31","Adult","Roscommon University Hospital",3215,674,138,12,4038
"2025-07-31","Adult","Portiuncula University Hospital",2236,492,70,0,2798
"2025-07-31","Adult","Our Lady's Hospital Navan",4275,1616,515,41,6445
"2025-07-31","Adult","Our Lady of Lourdes Hospital Drogheda",9539,4557,2121,542,16760
"2025-07-31","Adult","Nenagh Hospital",422,293,220,178,1114
"2025-07-31","Adult","National Orthopaedic Hospital Cappagh",1523,785,551,266,3125
"2025-07-31","Adult","National Maternity Hospital (Holles Street)",2292,748,136,0,3176
"2025-07-31","Adult","Naas General Hospital",7259,2568,915,207,10948
"2025-07-31","Adult","Midland Regional Hospital Tullamore",11061,3047,196,0,14304
"2025-07-31","Adult","Midland Regional Hospital Portlaoise",2801,645,257,156,3860
"2025-07-31","Adult","Midland Regional Hospital Mullingar",4926,1471,749,894,8040
"2025-07-31","Adult","Mercy University Hospital",3502,1254,586,251,5592
"2025-07-31","Adult","Mayo University Hospital",4217,1308,430,235,6189
"2025-07-31","Adult","Mater Misericordiae University Hospital",26567,7859,3456,3487,41368
"2025-07-31","Adult","Mallow General Hospital",2379,1089,456,317,4241
"2025-07-31","Adult","Louth County Hospital",1765,691,161,2,2618
"2025-07-31","Adult","Letterkenny University Hospital",9964,2739,1037,384,14125
"2025-07-31","Adult","Galway University Hospitals",27336,8001,4362,5252,44950
"2025-07-31","Adult","Ennis Hospital",470,332,274,145,1220
"2025-07-31","Adult","Croom Orthopaedic Hospital",3512,1757,911,397,6577
"2025-07-31","Adult","Cork University Maternity Hospital",1907,227,77,0,2211
"2025-07-31","Adult","Cork University Hospital",13558,3995,1602,928,20082
"2025-07-31","Adult","Coombe Women and Infants University Hospital",2330,851,176,8,3365
"2025-07-31","Adult","Connolly Hospital Blanchardstown",6525,1367,486,7,8384
"2025-07-31","Adult","Cavan General Hospital",4633,1270,229,51,6183
"2025-07-31","Adult","Beaumont Hospital",28406,12074,5371,1066,46917
"2025-07-31","Adult","Bantry General Hospital",877,36,0,0,913
"2025-08-28","Adult","Bantry General Hospital",907,104,0,0,1011
"2025-08-28","Child","Wexford General Hospital",706,312,3,0,1021
"2025-08-28","Child","University Hospital Waterford",2053,973,495,362,3883
"2025-08-28","Child","University Hospital Limerick",2468,879,416,230,3993
"2025-08-28","Child","University Hospital Kerry",676,311,133,11,1131
"2025-08-28","Child","Tipperary University Hospital",348,81,27,1,457
"2025-08-28","Child","Tallaght University Hospital",4,2,0,1,7
"2025-08-28","Child","St. Luke's General Hospital Kilkenny",338,22,6,17,382
"2025-08-28","Child","South Infirmary Victoria University Hospital",1771,738,452,439,3400
"2025-08-28","Child","Sligo University Hospital",1165,174,78,167,1583
"2025-08-28","Child","Royal Victoria Eye and Ear Hospital",310,122,109,77,618
"2025-08-28","Child","Rotunda Hospital",26,1,0,0,27
"2025-08-28","Child","Roscommon University Hospital",128,72,32,0,233
"2025-08-28","Child","Portiuncula University Hospital",526,29,0,0,555
"2025-08-28","Child","Our Lady's Hospital Navan",3,0,0,0,3
"2025-08-28","Child","Our Lady of Lourdes Hospital Drogheda",1919,1115,690,258,3983
"2025-08-28","Child","Nenagh Hospital",15,6,0,2,23
"2025-08-28","Child","National Orthopaedic Hospital Cappagh",78,53,24,12,167
"2025-08-28","Child","National Maternity Hospital (Holles Street)",29,0,0,0,29
"2025-08-28","Child","Naas General Hospital",10,1,0,0,11
"2025-08-28","Child","Midland Regional Hospital Tullamore",811,354,22,0,1186
"2025-08-28","Child","Midland Regional Hospital Portlaoise",923,489,297,59,1768
"2025-08-28","Child","Midland Regional Hospital Mullingar",763,210,82,2,1057
"2025-08-28","Child","Mercy University Hospital",8,1,0,0,9
"2025-08-28","Child","Mayo University Hospital",677,207,55,42,981
"2025-08-28","Child","Mallow General Hospital",180,45,67,123,415
"2025-08-28","Child","Letterkenny University Hospital",1188,262,171,57,1678
"2025-08-28","Child","Galway University Hospitals",2916,1039,326,773,5054
"2025-08-28","Child","Ennis Hospital",14,33,10,2,59
"2025-08-28","Child","Croom Orthopaedic Hospital",170,13,2,2,185
"2025-08-28","Child","Cork University Maternity Hospital",23,1,0,0,24
"2025-08-28","Child","Cork University Hospital",3170,901,286,141,4497
"2025-08-28","Child","Coombe Women and Infants University Hospital",16,3,1,0,20
"2025-08-28","Child","Children's Health Ireland",18889,7790,3874,3456,34009
"2025-08-28","Child","Cavan General Hospital",438,216,67,0,721
"2025-08-28","Child","Beaumont Hospital",39,11,4,1,56
"2025-08-28","Adult","Wexford General Hospital",3979,720,54,7,4761
"2025-08-28","Adult","University Hospital Waterford",23072,11153,5279,4938,44442
"2025-08-28","Adult","University Hospital Limerick",16438,4924,2303,1105,24770
"2025-08-28","Adult","University Hospital Kerry",7556,2351,913,68,10888
"2025-08-28","Adult","Tipperary University Hospital",2534,837,422,86,3878
"2025-08-28","Adult","Tallaght University Hospital",13873,7631,2636,1067,25207
"2025-08-28","Adult","St. Vincent's University Hospital",20449,7328,4260,2540,34577
"2025-08-28","Adult","St. Michael's Hospital",3081,987,781,390,5239
"2025-08-28","Adult","St. Luke's General Hospital Kilkenny",3296,1103,495,502,5396
"2025-08-28","Adult","St. John's Hospital Limerick",323,182,7,2,514
"2025-08-28","Adult","St. James's Hospital",18027,5068,1917,1015,26027
"2025-08-28","Adult","St. Columcille's Hospital",2165,1322,1131,5176,9795
"2025-08-28","Adult","South Infirmary Victoria University Hospital",14838,6765,3817,4238,29658
"2025-08-28","Adult","Sligo University Hospital",8181,2032,1193,1330,12736
"2025-08-28","Adult","Royal Victoria Eye and Ear Hospital",6611,3061,1394,893,11959
"2025-08-28","Adult","Rotunda Hospital",3974,1097,31,0,5102
"2025-08-28","Adult","Roscommon University Hospital",3232,817,154,5,4208
"2025-08-28","Adult","Portiuncula University Hospital",2194,557,95,3,2849
"2025-08-28","Adult","Our Lady's Hospital Navan",4292,1774,557,58,6680
"2025-08-28","Adult","Our Lady of Lourdes Hospital Drogheda",9689,4670,2094,659,17112
"2025-08-28","Adult","Nenagh Hospital",389,306,222,211,1128
"2025-08-28","Adult","National Orthopaedic Hospital Cappagh",1453,752,562,313,3080
"2025-08-28","Adult","National Maternity Hospital (Holles Street)",2345,819,159,0,3323
"2025-08-28","Adult","Naas General Hospital",7183,2652,1039,327,11201
"2025-08-28","Adult","Midland Regional Hospital Tullamore",11444,3348,368,0,15160
"2025-08-28","Adult","Midland Regional Hospital Portlaoise",2779,674,250,162,3866
"2025-08-28","Adult","Midland Regional Hospital Mullingar",4830,1503,758,914,8004
"2025-08-28","Adult","Mercy University Hospital",3622,1373,567,215,5778
"2025-08-28","Adult","Mayo University Hospital",4394,1340,428,238,6401
"2025-08-28","Adult","Mater Misericordiae University Hospital",26619,8079,3504,3386,41588
"2025-08-28","Adult","Mallow General Hospital",2271,1186,503,305,4266
"2025-08-28","Adult","Louth County Hospital",1849,709,179,2,2739
"2025-08-28","Adult","Letterkenny University Hospital",9979,2971,1176,432,14558
"2025-08-28","Adult","Galway University Hospitals",27145,8889,4400,5539,45973
"2025-08-28","Adult","Ennis Hospital",448,342,286,180,1256
"2025-08-28","Adult","Croom Orthopaedic Hospital",3434,1853,1019,431,6737
"2025-08-28","Adult","Cork University Maternity Hospital",2030,235,79,0,2344
"2025-08-28","Adult","Cork University Hospital",13678,4221,1677,560,20135
"2025-08-28","Adult","Coombe Women and Infants University Hospital",2354,932,181,12,3480
"2025-08-28","Adult","Connolly Hospital Blanchardstown",6631,1536,462,121,8750
"2025-08-28","Adult","Cavan General Hospital",4580,1259,179,39,6057
"2025-08-28","Adult","Beaumont Hospital",27820,12579,5480,1271,47150
"2025-09-25","Child","Wexford General Hospital",664,334,2,0,999
"2025-09-25","Child","University Hospital Waterford",2050,951,422,339,3762
"2025-09-25","Child","University Hospital Limerick",2360,933,420,267,3980
"2025-09-25","Child","University Hospital Kerry",699,296,114,39,1148
"2025-09-25","Child","Tipperary University Hospital",366,92,26,0,484
"2025-09-25","Child","Tallaght University Hospital",3,2,0,1,6
"2025-09-25","Child","St. Luke's General Hospital Kilkenny",360,29,10,28,426
"2025-09-25","Child","South Infirmary Victoria University Hospital",1667,746,460,435,3307
"2025-09-25","Child","Sligo University Hospital",1079,230,75,176,1560
"2025-09-25","Child","Royal Victoria Eye and Ear Hospital",332,163,115,77,687
"2025-09-25","Child","Rotunda Hospital",26,3,0,0,29
"2025-09-25","Child","Roscommon University Hospital",128,82,34,0,244
"2025-09-25","Child","Portiuncula University Hospital",525,39,0,0,564
"2025-09-25","Child","Our Lady's Hospital Navan",2,0,0,0,2
"2025-09-25","Child","Our Lady of Lourdes Hospital Drogheda",1786,1136,689,309,3919
"2025-09-25","Child","Nenagh Hospital",15,4,0,1,21
"2025-09-25","Child","National Orthopaedic Hospital Cappagh",68,52,23,9,152
"2025-09-25","Child","National Maternity Hospital (Holles Street)",35,0,0,0,35
"2025-09-25","Child","Naas General Hospital",10,2,0,0,12
"2025-09-25","Child","Midland Regional Hospital Tullamore",792,343,2,0,1137
"2025-09-25","Child","Midland Regional Hospital Portlaoise",906,482,295,91,1774
"2025-09-25","Child","Midland Regional Hospital Mullingar",762,212,67,4,1046
"2025-09-25","Child","Mercy University Hospital",5,1,0,0,6
"2025-09-25","Child","Mayo University Hospital",668,207,62,40,977
"2025-09-25","Child","Mallow General Hospital",155,47,47,120,368
"2025-09-25","Child","Letterkenny University Hospital",1094,313,163,29,1599
"2025-09-25","Child","Galway University Hospitals",2806,1127,325,743,5002
"2025-09-25","Child","Ennis Hospital",14,19,5,3,41
"2025-09-25","Child","Croom Orthopaedic Hospital",163,8,2,2,176
"2025-09-25","Child","Cork University Maternity Hospital",35,1,0,0,36
"2025-09-25","Child","Cork University Hospital",3211,904,280,132,4527
"2025-09-25","Child","Coombe Women and Infants University Hospital",25,3,1,0,29
"2025-09-25","Child","Children's Health Ireland",18192,7985,3647,3405,33229
"2025-09-25","Child","Cavan General Hospital",420,222,80,0,723
"2025-09-25","Child","Beaumont Hospital",41,11,3,1,56
"2025-09-25","Adult","Wexford General Hospital",3782,906,46,6,4740
"2025-09-25","Adult","University Hospital Waterford",22761,11247,5446,4846,44299
"2025-09-25","Adult","University Hospital Limerick",16660,5057,2246,1042,25005
"2025-09-25","Adult","University Hospital Kerry",7666,2508,990,117,11282
"2025-09-25","Adult","Tipperary University Hospital",2426,860,434,110,3830
"2025-09-25","Adult","Tallaght University Hospital",13854,7647,2650,1062,25214
"2025-09-25","Adult","St. Vincent's University Hospital",20140,7367,4335,2520,34361
"2025-09-25","Adult","St. Michael's Hospital",3271,1034,825,361,5491
"2025-09-25","Adult","St. Luke's General Hospital Kilkenny",3344,1102,636,487,5570
"2025-09-25","Adult","St. John's Hospital Limerick",291,196,2,0,489
"2025-09-25","Adult","St. James's Hospital",17887,4954,1889,1054,25784
"2025-09-25","Adult","St. Columcille's Hospital",2218,1286,1126,5220,9850
"2025-09-25","Adult","South Infirmary Victoria University Hospital",14753,6542,3884,4330,29510
"2025-09-25","Adult","Sligo University Hospital",8400,2314,1152,1347,13212
"2025-09-25","Adult","Royal Victoria Eye and Ear Hospital",6800,3327,1619,913,12659
"2025-09-25","Adult","Rotunda Hospital",4124,1134,45,1,5304
"2025-09-25","Adult","Roscommon University Hospital",3375,911,183,6,4474
"2025-09-25","Adult","Portiuncula University Hospital",2172,598,148,8,2925
"2025-09-25","Adult","Our Lady's Hospital Navan",4333,1761,526,93,6712
"2025-09-25","Adult","Our Lady of Lourdes Hospital Drogheda",9820,4798,2181,696,17495
"2025-09-25","Adult","Nenagh Hospital",396,305,221,246,1168
"2025-09-25","Adult","National Orthopaedic Hospital Cappagh",1402,700,575,333,3010
"2025-09-25","Adult","National Maternity Hospital (Holles Street)",2264,871,149,0,3284
"2025-09-25","Adult","Naas General Hospital",7223,2754,1169,470,11617
"2025-09-25","Adult","Midland Regional Hospital Tullamore",11533,3551,475,0,15559
"2025-09-25","Adult","Midland Regional Hospital Portlaoise",2804,686,247,168,3905
"2025-09-25","Adult","Midland Regional Hospital Mullingar",4969,1602,738,949,8258
"2025-09-25","Adult","Mercy University Hospital",3532,1374,548,164,5618
"2025-09-25","Adult","Mayo University Hospital",4371,1419,432,235,6457
"2025-09-25","Adult","Mater Misericordiae University Hospital",26727,8304,3456,3181,41669
"2025-09-25","Adult","Mallow General Hospital",2300,1102,543,292,4237
"2025-09-25","Adult","Louth County Hospital",1821,744,218,0,2783
"2025-09-25","Adult","Letterkenny University Hospital",9739,3156,1394,442,14730
"2025-09-25","Adult","Galway University Hospitals",26741,9647,4522,5665,46574
"2025-09-25","Adult","Ennis Hospital",455,327,296,193,1270
"2025-09-25","Adult","Croom Orthopaedic Hospital",3370,1975,1053,456,6854
"2025-09-25","Adult","Cork University Maternity Hospital",2042,226,71,0,2339
"2025-09-25","Adult","Cork University Hospital",13799,4344,1545,623,20310
"2025-09-25","Adult","Coombe Women and Infants University Hospital",2380,995,167,3,3545
"2025-09-25","Adult","Connolly Hospital Blanchardstown",6884,1405,328,247,8863
"2025-09-25","Adult","Cavan General Hospital",4571,1328,129,29,6057
"2025-09-25","Adult","Beaumont Hospital",27759,12519,5580,1360,47217
"2025-09-25","Adult","Bantry General Hospital",774,152,0,2,928
"2025-10-30","Adult","Naas General Hospital",7016,2923,1348,533,11820
"2025-10-30","Child","University Hospital Waterford",2011,977,406,371,3766
"2025-10-30","Child","University Hospital Limerick",2435,878,378,255,3945
"2025-10-30","Child","University Hospital Kerry",675,237,112,55,1078
"2025-10-30","Child","Tipperary University Hospital",375,80,34,1,490
"2025-10-30","Child","Tallaght University Hospital",4,1,0,1,6
"2025-10-30","Child","St. Luke's General Hospital Kilkenny",371,22,13,26,432
"2025-10-30","Child","South Infirmary Victoria University Hospital",1699,764,481,426,3370
"2025-10-30","Child","Sligo University Hospital",986,211,86,187,1470
"2025-10-30","Child","Royal Victoria Eye and Ear Hospital",311,160,122,76,669
"2025-10-30","Child","Rotunda Hospital",31,0,0,0,31
"2025-10-30","Child","Roscommon University Hospital",118,84,21,2,224
"2025-10-30","Child","Portiuncula University Hospital",486,48,0,0,534
"2025-10-30","Child","Our Lady's Hospital Navan",2,0,0,0,2
"2025-10-30","Child","Our Lady of Lourdes Hospital Drogheda",1766,1120,672,309,3867
"2025-10-30","Child","Nenagh Hospital",14,3,0,1,18
"2025-10-30","Child","National Orthopaedic Hospital Cappagh",57,38,26,6,127
"2025-10-30","Child","National Maternity Hospital (Holles Street)",38,0,0,0,38
"2025-10-30","Child","Naas General Hospital",8,3,0,0,11
"2025-10-30","Child","Midland Regional Hospital Tullamore",771,347,2,0,1120
"2025-10-30","Child","Midland Regional Hospital Portlaoise",872,459,274,113,1718
"2025-10-30","Child","Midland Regional Hospital Mullingar",798,204,55,9,1065
"2025-10-30","Child","Mercy University Hospital",4,1,0,0,5
"2025-10-30","Child","Mayo University Hospital",658,213,64,46,981
"2025-10-30","Child","Mallow General Hospital",139,59,39,118,356
"2025-10-30","Child","Letterkenny University Hospital",1012,327,131,5,1475
"2025-10-30","Child","Galway University Hospitals",2876,1120,351,654,5002
"2025-10-30","Child","Ennis Hospital",13,21,7,2,43
"2025-10-30","Child","Croom Orthopaedic Hospital",148,8,2,2,161
"2025-10-30","Child","Cork University Maternity Hospital",43,0,0,0,43
"2025-10-30","Child","Cork University Hospital",3208,983,275,112,4578
"2025-10-30","Child","Coombe Women and Infants University Hospital",29,1,0,0,30
"2025-10-30","Child","Children's Health Ireland",18043,8010,3408,3378,32838
"2025-10-30","Child","Cavan General Hospital",378,114,44,0,536
"2025-10-30","Child","Beaumont Hospital",34,12,5,0,51
"2025-10-30","Adult","Wexford General Hospital",3972,868,55,2,4896
"2025-10-30","Adult","University Hospital Waterford",22333,11178,5457,4771,43738
"2025-10-30","Adult","University Hospital Limerick",16748,4917,2067,825,24557
"2025-10-30","Adult","University Hospital Kerry",7322,2576,987,259,11145
"2025-10-30","Adult","Tipperary University Hospital",2518,919,455,142,4034
"2025-10-30","Adult","Tallaght University Hospital",13670,7531,2692,1063,24956
"2025-10-30","Adult","St. Vincent's University Hospital",19943,7156,4114,2743,33956
"2025-10-30","Adult","St. Michael's Hospital",3299,1085,777,443,5605
"2025-10-30","Adult","St. Luke's General Hospital Kilkenny",3340,1094,634,522,5590
"2025-10-30","Adult","St. John's Hospital Limerick",308,180,6,0,493
"2025-10-30","Adult","St. James's Hospital",17543,4836,1922,1037,25338
"2025-10-30","Adult","St. Columcille's Hospital",2230,1243,1148,5303,9923
"2025-10-30","Adult","South Infirmary Victoria University Hospital",14808,6618,3945,4528,29899
"2025-10-30","Adult","Sligo University Hospital",8116,2503,1067,1313,12999
"2025-10-30","Adult","Royal Victoria Eye and Ear Hospital",6948,3578,1828,955,13309
"2025-10-30","Adult","Rotunda Hospital",4182,1150,55,1,5388
"2025-10-30","Adult","Roscommon University Hospital",3185,991,78,5,4259
"2025-10-30","Adult","Portiuncula University Hospital",2162,632,182,0,2976
"2025-10-30","Adult","Our Lady's Hospital Navan",4481,1831,566,126,7003
"2025-10-30","Adult","Our Lady of Lourdes Hospital Drogheda",9866,4547,2284,680,17377
"2025-10-30","Adult","Nenagh Hospital",384,321,225,269,1199
"2025-10-30","Adult","National Orthopaedic Hospital Cappagh",1422,619,578,344,2962
"2025-10-30","Adult","National Maternity Hospital (Holles Street)",2324,832,160,1,3317
"2025-10-30","Child","Wexford General Hospital",683,322,0,0,1004
"2025-10-30","Adult","Midland Regional Hospital Tullamore",11791,3783,621,0,16196
"2025-10-30","Adult","Midland Regional Hospital Portlaoise",2837,658,270,170,3935
"2025-10-30","Adult","Midland Regional Hospital Mullingar",4878,1569,749,963,8159
"2025-10-30","Adult","Mercy University Hospital",3570,1340,433,141,5483
"2025-10-30","Adult","Mayo University Hospital",4475,1489,443,243,6650
"2025-10-30","Adult","Mater Misericordiae University Hospital",26028,8845,3367,3252,41491
"2025-10-30","Adult","Mallow General Hospital",2169,1115,492,367,4142
"2025-10-30","Adult","Louth County Hospital",1610,723,234,0,2567
"2025-10-30","Adult","Letterkenny University Hospital",9653,3069,1255,479,14457
"2025-10-30","Adult","Galway University Hospitals",26464,9623,4393,5929,46409
"2025-10-30","Adult","Ennis Hospital",474,321,273,239,1307
"2025-10-30","Adult","Croom Orthopaedic Hospital",3475,2047,980,456,6958
"2025-10-30","Adult","Cork University Maternity Hospital",2179,197,15,2,2392
"2025-10-30","Adult","Cork University Hospital",14212,4374,1578,390,20554
"2025-10-30","Adult","Coombe Women and Infants University Hospital",2448,1144,218,3,3813
"2025-10-30","Adult","Connolly Hospital Blanchardstown",6430,1389,839,412,9070
"2025-10-30","Adult","Cavan General Hospital",4540,1098,131,2,5771
"2025-10-30","Adult","Beaumont Hospital",27717,13893,5537,1646,48792
"2025-10-30","Adult","Bantry General Hospital",770,221,0,0,991
"2025-11-27","Child","Wexford General Hospital",720,317,0,0,1037
"2025-11-27","Child","University Hospital Waterford",2023,986,330,360,3699
"2025-11-27","Child","University Hospital Limerick",2555,863,391,273,4082
"2025-11-27","Child","University Hospital Kerry",662,220,96,62,1040
"2025-11-27","Child","Tipperary University Hospital",389,81,35,0,505
"2025-11-27","Child","Tallaght University Hospital",5,1,0,1,7
"2025-11-27","Child","St. Luke's General Hospital Kilkenny",380,23,11,25,439
"2025-11-27","Child","South Infirmary Victoria University Hospital",1720,776,449,445,3389
"2025-11-27","Child","Sligo University Hospital",984,182,90,192,1448
"2025-11-27","Child","Royal Victoria Eye and Ear Hospital",300,155,125,71,651
"2025-11-27","Child","Rotunda Hospital",37,0,0,0,37
"2025-11-27","Child","Roscommon University Hospital",128,94,18,0,240
"2025-11-27","Child","Portiuncula University Hospital",473,54,0,0,527
"2025-11-27","Child","Our Lady's Hospital Navan",2,0,0,0,2
"2025-11-27","Child","Our Lady of Lourdes Hospital Drogheda",1855,1134,678,335,4002
"2025-11-27","Child","Nenagh Hospital",15,5,0,2,22
"2025-11-27","Child","National Orthopaedic Hospital Cappagh",69,30,24,5,128
"2025-11-27","Child","National Maternity Hospital (Holles Street)",44,0,0,0,44
"2025-11-27","Child","Naas General Hospital",10,3,0,0,13
"2025-11-27","Child","Midland Regional Hospital Tullamore",752,355,3,0,1109
"2025-11-27","Child","Midland Regional Hospital Portlaoise",897,466,298,112,1773
"2025-11-27","Child","Midland Regional Hospital Mullingar",818,190,60,11,1079
"2025-11-27","Child","Mercy University Hospital",5,2,0,0,6
"2025-11-27","Child","Mayo University Hospital",615,216,73,50,954
"2025-11-27","Child","Mallow General Hospital",135,60,38,91,324
"2025-11-27","Child","Letterkenny University Hospital",1001,312,133,2,1448
"2025-11-27","Child","Galway University Hospitals",2843,1037,325,552,4756
"2025-11-27","Child","Ennis Hospital",17,14,12,2,44
"2025-11-27","Child","Croom Orthopaedic Hospital",142,9,2,0,154
"2025-11-27","Child","Cork University Maternity Hospital",40,0,0,0,40
"2025-11-27","Child","Cork University Hospital",3215,1050,288,86,4640
"2025-11-27","Child","Coombe Women and Infants University Hospital",30,0,2,0,32
"2025-11-27","Child","Children's Health Ireland",17835,7738,3288,2979,31840
"2025-11-27","Child","Cavan General Hospital",409,83,29,0,522
"2025-11-27","Child","Beaumont Hospital",37,8,7,0,52
"2025-11-27","Adult","Wexford General Hospital",4000,777,119,2,4898
"2025-11-27","Adult","University Hospital Waterford",22180,10853,5405,4572,43010
"2025-11-27","Adult","University Hospital Limerick",17296,5220,2020,786,25322
"2025-11-27","Adult","University Hospital Kerry",7274,2630,918,316,11138
"2025-11-27","Adult","Tipperary University Hospital",2569,924,328,161,3982
"2025-11-27","Adult","Tallaght University Hospital",13639,7376,2607,885,24507
"2025-11-27","Adult","St. Vincent's University Hospital",19884,7212,3963,2816,33874
"2025-11-27","Adult","St. Michael's Hospital",3295,1153,683,327,5458
"2025-11-27","Adult","St. Luke's General Hospital Kilkenny",3510,1071,707,537,5824
"2025-11-27","Adult","St. John's Hospital Limerick",332,183,12,0,527
"2025-11-27","Adult","St. James's Hospital",17097,4922,1879,1031,24929
"2025-11-27","Adult","St. Columcille's Hospital",2233,1259,1157,5399,10048
"2025-11-27","Adult","South Infirmary Victoria University Hospital",14770,6597,3979,4546,29892
"2025-11-27","Adult","Sligo University Hospital",8414,2460,1034,1304,13212
"2025-11-27","Adult","Royal Victoria Eye and Ear Hospital",7104,3534,1967,945,13550
"2025-11-27","Adult","Rotunda Hospital",4302,1185,88,0,5575
"2025-11-27","Adult","Roscommon University Hospital",3227,868,60,8,4162
"2025-11-27","Adult","Portiuncula University Hospital",2139,623,136,2,2901
"2025-11-27","Adult","Our Lady's Hospital Navan",4343,1782,454,128,6706
"2025-11-27","Adult","Our Lady of Lourdes Hospital Drogheda",10025,4575,2134,679,17413
"2025-11-27","Adult","Nenagh Hospital",362,295,202,270,1129
"2025-11-27","Adult","National Orthopaedic Hospital Cappagh",1376,609,587,373,2945
"2025-11-27","Adult","National Maternity Hospital (Holles Street)",2371,869,108,2,3350
"2025-11-27","Adult","Naas General Hospital",6891,2977,1524,564,11956
"2025-11-27","Adult","Midland Regional Hospital Tullamore",11684,4180,632,4,16499
"2025-11-27","Adult","Midland Regional Hospital Portlaoise",2965,636,247,136,3984
"2025-11-27","Adult","Midland Regional Hospital Mullingar",4969,1585,741,977,8272
"2025-11-27","Adult","Mercy University Hospital",3541,1388,377,102,5407
"2025-11-27","Adult","Mayo University Hospital",4506,1473,341,250,6569
"2025-11-27","Adult","Mater Misericordiae University Hospital",25781,9163,3413,3111,41468
"2025-11-27","Adult","Mallow General Hospital",2175,1117,560,319,4172
"2025-11-27","Adult","Louth County Hospital",1783,767,223,0,2773
"2025-11-27","Adult","Letterkenny University Hospital",9442,2906,1139,496,13982
"2025-11-27","Adult","Galway University Hospitals",26017,9275,4019,5722,45033
"2025-11-27","Adult","Ennis Hospital",462,302,251,250,1265
"2025-11-27","Adult","Croom Orthopaedic Hospital",3512,1983,936,440,6871
"2025-11-27","Adult","Cork University Maternity Hospital",2234,135,0,0,2369
"2025-11-27","Adult","Cork University Hospital",14117,4465,1499,251,20331
"2025-11-27","Adult","Coombe Women and Infants University Hospital",2584,1180,275,3,4041
"2025-11-27","Adult","Connolly Hospital Blanchardstown",6202,1305,642,469,8618
"2025-11-27","Adult","Cavan General Hospital",4276,792,96,0,5164
"2025-11-27","Adult","Beaumont Hospital",28561,14487,5028,1691,49767
"2025-11-27","Adult","Bantry General Hospital",663,179,0,0,841
"2025-12-18","Adult","Galway University Hospitals",25341,8880,3830,5659,43711
"2025-12-18","Child","University Hospital Waterford",2064,975,328,340,3707
"2025-12-18","Child","University Hospital Limerick",2579,857,393,280,4109
"2025-12-18","Child","University Hospital Kerry",628,195,113,67,1003
"2025-12-18","Child","Tipperary University Hospital",390,76,35,1,502
"2025-12-18","Child","Tallaght University Hospital",6,0,0,1,7
"2025-12-18","Child","St. Luke's General Hospital Kilkenny",394,23,13,25,456
"2025-12-18","Child","South Infirmary Victoria University Hospital",1690,763,454,412,3320
"2025-12-18","Child","Sligo University Hospital",1038,176,91,203,1508
"2025-12-18","Child","Royal Victoria Eye and Ear Hospital",423,171,134,81,809
"2025-12-18","Child","Rotunda Hospital",42,0,0,0,42
"2025-12-18","Child","Roscommon University Hospital",125,88,9,0,221
"2025-12-18","Child","Portiuncula University Hospital",419,60,2,0,481
"2025-12-18","Child","Our Lady's Hospital Navan",1,1,0,0,2
"2025-12-18","Child","Our Lady of Lourdes Hospital Drogheda",1830,1044,594,346,3813
"2025-12-18","Child","Nenagh Hospital",16,3,0,2,21
"2025-12-18","Child","National Orthopaedic Hospital Cappagh",69,19,30,4,121
"2025-12-18","Child","National Maternity Hospital (Holles Street)",53,0,0,0,53
"2025-12-18","Child","Naas General Hospital",9,3,0,0,12
"2025-12-18","Child","Midland Regional Hospital Tullamore",710,358,3,0,1071
"2025-12-18","Child","Midland Regional Hospital Portlaoise",877,471,315,109,1772
"2025-12-18","Child","Midland Regional Hospital Mullingar",793,189,60,20,1061
"2025-12-18","Child","Mercy University Hospital",6,1,0,0,7
"2025-12-18","Child","Mayo University Hospital",624,211,83,52,970
"2025-12-18","Child","Mallow General Hospital",131,58,29,42,260
"2025-12-18","Child","Letterkenny University Hospital",979,300,74,0,1354
"2025-12-18","Child","Galway University Hospitals",2917,1012,347,493,4769
"2025-12-18","Child","Ennis Hospital",13,11,14,2,41
"2025-12-18","Child","Croom Orthopaedic Hospital",158,10,2,0,169
"2025-12-18","Child","Cork University Maternity Hospital",56,0,0,0,56
"2025-12-18","Child","Cork University Hospital",3196,1075,296,81,4648
"2025-12-18","Child","Coombe Women and Infants University Hospital",30,0,0,0,30
"2025-12-18","Child","Children's Health Ireland",17980,7536,3215,2794,31524
"2025-12-18","Child","Cavan General Hospital",411,0,0,0,411
"2025-12-18","Child","Beaumont Hospital",39,7,7,1,54
"2025-12-18","Adult","Wexford General Hospital",4053,824,161,7,5045
"2025-12-18","Adult","University Hospital Waterford",22163,10811,5280,4257,42511
"2025-12-18","Adult","University Hospital Limerick",17273,5386,2020,756,25435
"2025-12-18","Adult","University Hospital Kerry",6990,2601,836,328,10754
"2025-12-18","Adult","Tipperary University Hospital",2602,935,303,162,4001
"2025-12-18","Adult","Tallaght University Hospital",13554,7275,2446,819,24094
"2025-12-18","Adult","St. Vincent's University Hospital",19580,7373,3852,2860,33666
"2025-12-18","Adult","St. Michael's Hospital",3094,1140,662,362,5258
"2025-12-18","Adult","St. Luke's General Hospital Kilkenny",3612,1074,733,557,5976
"2025-12-18","Adult","St. John's Hospital Limerick",336,188,23,0,547
"2025-12-18","Adult","St. James's Hospital",16788,5006,1868,1009,24671
"2025-12-18","Adult","St. Columcille's Hospital",2236,1223,1128,5408,9994
"2025-12-18","Adult","South Infirmary Victoria University Hospital",14810,6580,3831,4537,29757
"2025-12-18","Adult","Sligo University Hospital",8320,2497,982,1315,13113
"2025-12-18","Adult","Royal Victoria Eye and Ear Hospital",7274,3613,2075,1027,13989
"2025-12-18","Adult","Rotunda Hospital",4325,1224,94,0,5643
"2025-12-18","Adult","Roscommon University Hospital",3182,810,41,4,4037
"2025-12-18","Adult","Portiuncula University Hospital",2071,574,161,4,2811
"2025-12-18","Adult","Our Lady's Hospital Navan",4397,1736,315,101,6548
"2025-12-18","Adult","Our Lady of Lourdes Hospital Drogheda",9940,4544,2004,690,17178
"2025-12-18","Adult","Nenagh Hospital",357,295,211,290,1153
"2025-12-18","Adult","National Orthopaedic Hospital Cappagh",1338,565,532,348,2782
"2025-12-18","Adult","National Maternity Hospital (Holles Street)",2356,936,120,0,3412
"2025-12-18","Adult","Naas General Hospital",6576,3045,1569,636,11824
"2025-12-18","Adult","Midland Regional Hospital Tullamore",11311,4385,732,2,16430
"2025-12-18","Adult","Midland Regional Hospital Portlaoise",2844,643,243,135,3865
"2025-12-18","Adult","Midland Regional Hospital Mullingar",4838,1602,725,1039,8204
"2025-12-18","Adult","Mercy University Hospital",3600,1357,392,108,5456
"2025-12-18","Adult","Mayo University Hospital",4575,1422,294,238,6529
"2025-12-18","Adult","Mater Misericordiae University Hospital",25550,9331,3418,3004,41303
"2025-12-18","Adult","Mallow General Hospital",2098,990,522,198,3808
"2025-12-18","Adult","Louth County Hospital",1787,781,230,0,2798
"2025-12-18","Adult","Letterkenny University Hospital",8869,2788,1017,503,13177
"2025-12-18","Child","Wexford General Hospital",734,313,0,0,1047
"2025-12-18","Adult","Ennis Hospital",435,330,255,256,1276
"2025-12-18","Adult","Croom Orthopaedic Hospital",3403,1849,782,376,6410
"2025-12-18","Adult","Cork University Maternity Hospital",2266,94,1,0,2361
"2025-12-18","Adult","Cork University Hospital",14004,4498,1089,116,19707
"2025-12-18","Adult","Coombe Women and Infants University Hospital",2415,987,227,3,3631
"2025-12-18","Adult","Connolly Hospital Blanchardstown",6251,1480,423,107,8260
"2025-12-18","Adult","Cavan General Hospital",4274,0,0,0,4274
"2025-12-18","Adult","Beaumont Hospital",28102,12728,4011,1574,46414
"2025-12-18","Adult","Bantry General Hospital",617,126,0,0,743
"2026-01-29","Adult","Bantry General Hospital",737,182,5,0,924
"2026-01-29","Child","Wexford General Hospital",741,341,1,0,1084
"2026-01-29","Child","University Hospital Waterford",2003,1073,309,329,3714
"2026-01-29","Child","University Hospital Limerick",2437,1031,393,287,4147
"2026-01-29","Child","University Hospital Kerry",607,181,126,75,988
"2026-01-29","Child","Tipperary University Hospital",377,89,19,1,487
"2026-01-29","Child","Tallaght University Hospital",3,0,0,1,4
"2026-01-29","Child","St. Luke's General Hospital Kilkenny",415,15,4,17,451
"2026-01-29","Child","St. John's Hospital Limerick",1,0,0,0,1
"2026-01-29","Child","South Infirmary Victoria University Hospital",1760,767,468,446,3441
"2026-01-29","Child","Sligo University Hospital",1083,188,87,222,1580
"2026-01-29","Child","Royal Victoria Eye and Ear Hospital",565,199,135,74,973
"2026-01-29","Child","Rotunda Hospital",34,2,0,0,36
"2026-01-29","Child","Roscommon University Hospital",91,57,9,0,157
"2026-01-29","Child","Portiuncula University Hospital",435,68,0,0,503
"2026-01-29","Child","Our Lady's Hospital Navan",3,0,0,0,3
"2026-01-29","Child","Our Lady of Lourdes Hospital Drogheda",1799,1128,585,414,3927
"2026-01-29","Child","Nenagh Hospital",12,4,0,1,17
"2026-01-29","Child","National Orthopaedic Hospital Cappagh",58,12,22,8,100
"2026-01-29","Child","National Maternity Hospital (Holles Street)",54,2,0,0,56
"2026-01-29","Child","Naas General Hospital",9,1,0,0,10
"2026-01-29","Child","Midland Regional Hospital Tullamore",717,389,34,0,1140
"2026-01-29","Child","Midland Regional Hospital Portlaoise",901,496,316,128,1840
"2026-01-29","Child","Midland Regional Hospital Mullingar",787,154,46,23,1010
"2026-01-29","Child","Mercy University Hospital",4,0,2,0,6
"2026-01-29","Child","Mayo University Hospital",580,210,91,59,940
"2026-01-29","Child","Mallow General Hospital",120,68,23,20,231
"2026-01-29","Child","Letterkenny University Hospital",1000,299,61,0,1360
"2026-01-29","Child","Galway University Hospitals",3012,1156,329,476,4973
"2026-01-29","Child","Ennis Hospital",13,9,9,3,34
"2026-01-29","Child","Croom Orthopaedic Hospital",127,16,2,0,144
"2026-01-29","Child","Cork University Maternity Hospital",52,0,0,0,52
"2026-01-29","Child","Cork University Hospital",3192,1113,310,100,4715
"2026-01-29","Child","Coombe Women and Infants University Hospital",27,0,0,0,27
"2026-01-29","Child","Children's Health Ireland",18578,8085,3091,2922,32676
"2026-01-29","Child","Cavan General Hospital",487,16,0,0,503
"2026-01-29","Child","Beaumont Hospital",44,5,8,1,59
"2026-01-29","Adult","Wexford General Hospital",3737,1038,200,4,4978
"2026-01-29","Adult","University Hospital Waterford",20809,11624,5072,4304,41809
"2026-01-29","Adult","University Hospital Limerick",16955,6648,1958,856,26417
"2026-01-29","Adult","University Hospital Kerry",6684,3035,832,417,10968
"2026-01-29","Adult","Tipperary University Hospital",2412,1121,304,184,4021
"2026-01-29","Adult","Tallaght University Hospital",12546,8412,2313,908,24178
"2026-01-29","Adult","St. Vincent's University Hospital",18551,8224,3838,3229,33842
"2026-01-29","Adult","St. Michael's Hospital",2874,1271,598,424,5168
"2026-01-29","Adult","St. Luke's General Hospital Kilkenny",3518,1264,705,546,6033
"2026-01-29","Adult","St. John's Hospital Limerick",361,212,40,0,613
"2026-01-29","Adult","St. James's Hospital",17075,5959,1964,1115,26114
"2026-01-29","Adult","St. Columcille's Hospital",2156,1371,1033,5585,10146
"2026-01-29","Adult","South Infirmary Victoria University Hospital",14794,7304,3765,4826,30689
"2026-01-29","Adult","Sligo University Hospital",8614,2806,942,1430,13792
"2026-01-29","Adult","Royal Victoria Eye and Ear Hospital",7290,3961,2084,1154,14489
"2026-01-29","Adult","Rotunda Hospital",4342,1516,115,2,5974
"2026-01-29","Adult","Roscommon University Hospital",3219,1109,22,5,4354
"2026-01-29","Adult","Portiuncula University Hospital",2203,619,177,5,3004
"2026-01-29","Adult","Our Lady's Hospital Navan",4276,1805,311,103,6496
"2026-01-29","Adult","Our Lady of Lourdes Hospital Drogheda",9786,5192,2082,788,17847
"2026-01-29","Adult","Nenagh Hospital",379,342,215,317,1253
"2026-01-29","Adult","National Orthopaedic Hospital Cappagh",1290,586,473,363,2712
"2026-01-29","Adult","National Maternity Hospital (Holles Street)",2303,949,148,3,3403
"2026-01-29","Adult","Naas General Hospital",6481,3506,1613,733,12333
"2026-01-29","Adult","Midland Regional Hospital Tullamore",11208,5171,917,48,17344
"2026-01-29","Adult","Midland Regional Hospital Portlaoise",3022,735,296,136,4189
"2026-01-29","Adult","Midland Regional Hospital Mullingar",5050,1791,678,1125,8644
"2026-01-29","Adult","Mercy University Hospital",3487,1551,460,190,5689
"2026-01-29","Adult","Mayo University Hospital",4561,1655,308,245,6768
"2026-01-29","Adult","Mater Misericordiae University Hospital",25062,10870,3402,3122,42457
"2026-01-29","Adult","Mallow General Hospital",2206,1006,525,187,3924
"2026-01-29","Adult","Louth County Hospital",1662,881,291,3,2837
"2026-01-29","Adult","Letterkenny University Hospital",9358,2888,926,602,13775
"2026-01-29","Adult","Galway University Hospitals",25693,9654,3722,5982,45051
"2026-01-29","Adult","Ennis Hospital",402,363,249,316,1330
"2026-01-29","Adult","Croom Orthopaedic Hospital",3243,2091,606,365,6305
"2026-01-29","Adult","Cork University Maternity Hospital",2390,105,8,0,2503
"2026-01-29","Adult","Cork University Hospital",14058,5006,1152,236,20452
"2026-01-29","Adult","Coombe Women and Infants University Hospital",2511,992,196,3,3701
"2026-01-29","Adult","Connolly Hospital Blanchardstown",5898,1808,344,196,8247
"2026-01-29","Adult","Cavan General Hospital",4608,218,2,0,4829
"2026-01-29","Adult","Beaumont Hospital",28044,13966,4898,3709,50617
